-- --------------------------------------------------------
-- 호스트:                          i7c101.p.ssafy.io
-- 서버 버전:                        10.3.34-MariaDB-0ubuntu0.20.04.1 - Ubuntu 20.04
-- 서버 OS:                        debian-linux-gnu
-- HeidiSQL 버전:                  11.3.0.6295
-- --------------------------------------------------------

/*!40101 SET @OLD_CHARACTER_SET_CLIENT=@@CHARACTER_SET_CLIENT */;
/*!40101 SET NAMES utf8 */;
/*!50503 SET NAMES utf8mb4 */;
/*!40014 SET @OLD_FOREIGN_KEY_CHECKS=@@FOREIGN_KEY_CHECKS, FOREIGN_KEY_CHECKS=0 */;
/*!40101 SET @OLD_SQL_MODE=@@SQL_MODE, SQL_MODE='NO_AUTO_VALUE_ON_ZERO' */;
/*!40111 SET @OLD_SQL_NOTES=@@SQL_NOTES, SQL_NOTES=0 */;


-- AwA 데이터베이스 구조 내보내기
CREATE DATABASE IF NOT EXISTS `AwA` /*!40100 DEFAULT CHARACTER SET utf8mb4 COLLATE utf8mb4_unicode_520_ci */;
USE `AwA`;

-- 테이블 AwA.artwork 구조 내보내기
CREATE TABLE IF NOT EXISTS `artwork` (
  `artwork_id` bigint(20) NOT NULL AUTO_INCREMENT,
  `created_date` datetime(6) DEFAULT NULL,
  `modified_date` datetime(6) DEFAULT NULL,
  `description` varchar(10000) COLLATE utf8mb4_unicode_520_ci DEFAULT NULL,
  `ingredient` varchar(255) COLLATE utf8mb4_unicode_520_ci DEFAULT NULL,
  `is_recommend` bit(1) NOT NULL,
  `is_sell` int(11) DEFAULT NULL,
  `like_count` int(11) NOT NULL,
  `price` int(11) DEFAULT NULL,
  `title` varchar(255) COLLATE utf8mb4_unicode_520_ci DEFAULT NULL,
  `view_count` int(11) DEFAULT NULL,
  `sell_user_id` bigint(20) DEFAULT NULL,
  PRIMARY KEY (`artwork_id`),
  KEY `FKblxryrgba0k05gwngelcqhiy2` (`sell_user_id`),
  CONSTRAINT `FKblxryrgba0k05gwngelcqhiy2` FOREIGN KEY (`sell_user_id`) REFERENCES `user` (`user_id`)
) ENGINE=InnoDB AUTO_INCREMENT=72 DEFAULT CHARSET=utf8mb4 COLLATE=utf8mb4_unicode_520_ci;

-- 테이블 데이터 AwA.artwork:~57 rows (대략적) 내보내기
/*!40000 ALTER TABLE `artwork` DISABLE KEYS */;
INSERT INTO `artwork` (`artwork_id`, `created_date`, `modified_date`, `description`, `ingredient`, `is_recommend`, `is_sell`, `like_count`, `price`, `title`, `view_count`, `sell_user_id`) VALUES
	(1, '2022-08-17 16:19:48.823131', '2022-08-17 23:59:21.496661', '상상속의 동물 고래고래', '포토샵, 일러스트', b'1', 0, 1, 0, '고래', 9, 4),
	(2, '2022-08-11 16:22:57.860363', '2022-08-18 07:47:46.631642', '가을에 떨어지는 나뭇잎을 표현한 작품입니다.', 'Pen & Paint', b'1', 0, 0, 20000, '나뭇잎들', 3, 1),
	(3, '2022-08-17 16:23:36.336378', '2022-08-17 16:46:46.095643', '제주도에서 찍은 하얀 말입니다.', '카메라', b'1', 0, 1, 10000, '하얀 말', 2, 1),
	(4, '2022-08-17 16:24:08.906945', '2022-08-17 16:31:59.514095', '벽에 느낌있는 그림을 그려넣어 보는이들을 즐겁게 해줍니다.', 'Paint', b'1', 0, 0, 10000, '벽화', 1, 1),
	(5, '2022-08-17 16:24:32.976812', '2022-08-17 18:03:15.720684', '문의 주세요', '포토샵, 일러스트', b'1', 0, 1, 20000, '하와이', 2, 4),
	(6, '2022-08-17 16:24:49.830941', '2022-08-17 16:31:59.521013', '돛이 많은 배를 3D로 그린 작품입니다.', 'Program', b'1', 0, 0, 10000, '돛이 많은 배', 1, 1),
	(7, '2022-08-17 16:25:30.647124', '2022-08-18 08:21:29.996647', '벌집모양을 하고있는 아파트의 규칙적인 베란다 모습입니다.', '카메라', b'1', 0, 0, 10000, '벌집과 같아보이는 아파트', 3, 1),
	(8, '2022-08-17 16:25:48.522807', '2022-08-17 16:50:22.309081', '문의주세요', '포토샵, 일러스트', b'1', 0, 0, 50000, 'Summer feeling', 3, 4),
	(9, '2022-08-17 16:25:58.774470', '2022-08-17 16:31:59.536003', '바쁜 현대사회의 한 모습으로 백화점을 찍어보았습니다.', '카메라', b'1', 0, 0, 14000, '바쁜 현대사회', 1, 1),
	(10, '2022-08-17 16:26:44.175527', '2022-08-17 16:32:04.445050', '문의주세요', '포토샵, 일러스트', b'1', 0, 1, 20000, '프린팅', 3, 4),
	(11, '2022-08-17 16:26:50.894571', '2022-08-17 16:31:59.544421', '로봇들이 자신들이 만들어진 부품을 옮기는 모습입니다.', 'Pen & Electricity', b'1', 0, 0, 15000, '일하는 로봇', 1, 1),
	(12, '2022-08-17 16:28:01.850875', '2022-08-18 01:31:32.785935', '문의주세요', '포토샵, 일러스트', b'1', 0, 0, 20000, 'What a nice car', 4, 4),
	(13, '2022-08-17 16:29:37.470219', '2022-08-17 16:46:57.855810', '공허한 벽화에 신비로운 그림을 그려 보았습니다.', 'Pen & Paint', b'1', 0, 1, 15000, '벽화', 3, 1),
	(14, '2022-08-17 16:30:54.436904', '2022-08-17 16:32:05.299215', '사람의 얼굴을 페인트로 색칠하여 신비로움을 나타냅니다.', 'Paint & Electricity ', b'1', 0, 0, 20000, 'Colorful Face', 1, 1),
	(15, '2022-08-17 16:31:35.127338', '2022-08-18 08:16:08.984931', '사람의 얼굴을 페인트로 색칠해 신비로운 느낌을 자아냅니다.', 'Paint & Electricity ', b'1', 0, 0, 15000, 'Colorful Face 2', 2, 1),
	(16, '2022-08-17 16:32:01.144237', '2022-08-18 16:40:36.199054', '길거리에서 비보잉을 하는 청년을보고 그린 그림입니다.', 'Pen & Paint', b'1', 0, 1, 20000, '비보이', 4, 1),
	(17, '2022-08-17 16:32:53.116725', '2022-08-17 16:34:50.682793', '노을이 지고있는 배가 두척있는 항구를 그려보았습니다.', 'Pen & Paint', b'1', 0, 0, 10000, '해변가', 1, 1),
	(18, '2022-08-17 16:33:15.207850', '2022-08-18 08:17:21.481484', '귀여운 조랑말입니다.', 'Pen & Paint', b'1', 0, 0, 10000, '조랑말', 2, 1),
	(19, '2022-08-17 16:33:45.250663', '2022-08-18 12:31:45.443593', '아름다운 여성의 초상화입니다.', 'Pen & Paint', b'1', 0, 1, 20000, '초상화', 7, 1),
	(20, '2022-08-17 16:41:34.971608', '2022-08-17 17:55:58.029156', '다이노 풍경시리즈1', 'A7M3 + 24-105mm 4f', b'1', 0, 1, 5000, '따릉이', 2, 6),
	(21, '2022-08-17 16:42:38.838633', '2022-08-18 00:03:07.728861', '다이노 풍경시리즈 2', 'A7M3 + 24-105mm 4f', b'1', 0, 0, 30000, '올림픽공원 나홀로나무 그 옆에서', 3, 6),
	(22, '2022-08-17 16:43:50.718873', '2022-08-18 04:50:59.678253', '다이노 풍경시리즈3', 'A7M3 + 24-105mm 4f', b'1', 0, 1, 10000, '베트남에서', 4, 6),
	(23, '2022-08-17 16:46:49.853407', '2022-08-18 16:36:19.844157', '문의주세요.', 'Pen', b'1', 1, 3, 30000, '슬기', 24, 2),
	(24, '2022-08-17 16:48:25.678485', '2022-08-18 08:51:44.504317', '도리는 귀여워', 'Pen', b'1', 0, 4, 10000, '도리', 16, 2),
	(25, '2022-08-17 16:49:31.645425', '2022-08-19 00:46:10.660501', '문의주세요.', 'A7R3 - 35mm 1.8f', b'1', 0, 1, 20000, '세운상가에서', 3, 2),
	(27, '2022-08-17 16:50:47.181820', '2022-08-18 16:37:58.728460', '어느 동네 서점 앞', 'Pen', b'1', 0, 2, 20000, '동네 서점', 13, 2),
	(28, '2022-08-17 16:54:22.537259', '2022-08-18 12:38:24.082347', '2019년 12월 제작.', 'Pen', b'1', 0, 2, 20000, '어느 전시회에서', 9, 2),
	(29, '2022-08-17 16:55:23.249754', '2022-08-18 16:21:06.239436', '그리다 만 것 같은건 기분탓임', 'Pen', b'1', 0, 2, 10000, '라일락', 5, 2),
	(30, '2022-08-17 16:58:43.856038', '2022-08-17 17:14:08.273831', '다이노 풍경시리즈4', 'A7M3 + 24-105mm 4f', b'1', 0, 0, 10000, '여기가 어디인가', 1, 6),
	(31, '2022-08-17 17:28:05.979684', '2022-08-18 06:41:06.356153', '아주 오래전 조상들이 남긴 벽화입니다.', 'Pen & Paint', b'1', 0, 0, 20000, '고대 벽화', 2, 8),
	(32, '2022-08-17 17:28:58.100877', '2022-08-17 17:55:52.263117', '얼굴과 날카로운 유리를 조각한 제품입니다.', '조각', b'1', 0, 0, 20000, '얼굴 조각', 1, 8),
	(34, '2022-08-17 17:31:31.958578', '2022-08-18 23:57:14.337894', '날카로운 이빨을 가진 호랑이', 'Pen & Paint', b'1', 0, 1, 20000, 'Tiger', 5, 8),
	(35, '2022-08-17 17:31:55.525697', '2022-08-18 07:41:12.327870', '설원위를 걷고있는 여성입니다.', 'Pen & Paint', b'1', 0, 1, 20000, '설원위의 여성', 3, 8),
	(36, '2022-08-17 17:33:00.730225', '2022-08-18 08:34:11.431995', '파란빛의 눈망울', 'Pen & Paint', b'1', 0, 0, 20000, 'Blue Eye', 2, 8),
	(37, '2022-08-17 17:33:41.637411', '2022-08-17 17:58:23.007367', '흰 새끼고양이를 근접하여 찍은 사진입니다.', '카메라', b'1', 0, 0, 20000, 'Kitten', 2, 8),
	(38, '2022-08-17 17:34:09.940005', '2022-08-18 16:21:01.226990', '외로워보이는 사람..', 'Pen & Electricity', b'1', 0, 2, 15000, 'Wall Paint', 7, 8),
	(39, '2022-08-17 17:37:25.822689', '2022-08-18 01:34:04.365289', '아름다운 붓글씨입니다.', '붓, 먹, 문진', b'1', 0, 1, 10000, '붓 글씨', 2, 8),
	(40, '2022-08-17 17:38:41.856965', '2022-08-18 10:53:31.119220', '아름다운 붓글씨 작품입니다.', '붓, 먹, 문진, 한지', b'1', 0, 1, 10000, '붓 글씨 2', 3, 8),
	(41, '2022-08-17 17:40:12.499359', '2022-08-18 16:20:55.868469', '하늘을 향해 손을 뻗고있는 조각상', '석고, 시멘트', b'1', 0, 2, 500000, 'Angel Statue Figure', 9, 8),
	(42, '2022-08-17 17:41:25.136862', '2022-08-17 17:55:52.610037', '사람들을 바라보고있는 조각상', '석고, 시멘트', b'1', 0, 0, 150000, 'Saint Pierre Statue Sculpture', 1, 8),
	(43, '2022-08-17 17:43:04.356418', '2022-08-19 00:46:24.994945', '함부르크에서 먹은 맥주 한병을 찍은 사진', '맥주병, 카메라 (아이폰)', b'1', 0, 1, 5000, 'Beer', 3, 11),
	(44, '2022-08-17 17:43:32.259804', '2022-08-18 02:53:58.719096', '먹음직스러운 마카롱들', '카메라 (아이폰)', b'1', 0, 0, 10000, '마카롱`s', 2, 11),
	(45, '2022-08-17 17:44:01.344622', '2022-08-17 17:55:52.679719', '진열되어있는 먹음직스러운 납작복숭아', '카메라 (아이폰)', b'1', 0, 0, 10000, '납작복숭아', 1, 11),
	(46, '2022-08-17 17:44:48.186822', '2022-08-18 16:39:30.976833', '부다페스트에서 먹은 수제버거 아직도 잊지못한다..', '카메라 (아이폰)', b'1', 0, 2, 15000, '수제버거', 10, 11),
	(47, '2022-08-17 17:45:15.232400', '2022-08-17 17:55:52.728081', '구름이 예쁘게 보이는 하늘 사진', '카메라 (아이폰)', b'1', 0, 0, 15000, 'Sky', 1, 11),
	(48, '2022-08-17 17:45:42.569529', '2022-08-18 00:39:16.051685', '분홍빛으로 물든 노을지는 하늘', '카메라 (아이폰)', b'1', 0, 0, 10000, 'Pink Sky', 2, 11),
	(49, '2022-08-17 17:46:07.832102', '2022-08-17 17:55:52.783399', '마차를 타고 여행을 즐기는 사람들', '카메라 (아이폰)', b'1', 0, 0, 10000, '마차', 1, 11),
	(50, '2022-08-17 17:46:50.829469', '2022-08-18 01:33:54.940795', '같은색의 지붕들', '카메라 (아이폰)', b'1', 0, 1, 15000, 'roofs', 6, 11),
	(51, '2022-08-17 18:01:04.173739', '2022-08-18 12:29:20.876894', '도시의 야경은 너무 예뻐요!\n반짝반짝\n반짝반짝 작은별 아름답게 빛나네 서쪽하늘에서도 동쪽하늘 에서도 반짝반짝 작은별', '재료1, 재료2, 재료3', b'1', 0, 1, 125000, '야경 맛집', 33, 12),
	(53, '2022-08-18 01:21:11.987572', '2022-08-19 00:46:45.817785', '아름다운 한쌍\'들\' 입니다.', '카메라 (아이폰)', b'1', 0, 3, 20000, '아름다운 한쌍', 17, 18),
	(54, '2022-08-18 01:37:38.537130', '2022-08-18 08:20:52.634454', '문의주세요', 'A7R3 - 35mm 1.8f', b'1', 0, 1, 20000, '세운상가2', 5, 2),
	(55, '2022-08-18 01:38:17.532713', '2022-08-18 14:35:02.773618', '문의주세요', 'A7R3 - 35mm 1.8f', b'1', 0, 1, 20000, '세운상가3', 4, 2),
	(56, '2022-08-18 01:39:43.319294', '2022-08-19 00:38:46.356558', '누구를 그린 것인가면라이더', 'Pen', b'1', 0, 2, 30000, '무제', 11, 2),
	(57, '2022-08-18 01:45:21.124585', '2022-08-18 16:43:08.323684', '솔로 아니 술로', 'Pen', b'1', 0, 2, 20000, '이번 크리스마스는', 25, 2),
	(58, '2022-08-18 01:51:50.315123', '2022-08-19 00:45:58.839144', '문의주세요.', 'A7M3 + 24-105mm 4f', b'1', 0, 2, 20000, '밤 하늘의 펄', 20, 6),
	(63, '2022-08-18 12:30:50.303980', '2022-08-19 00:38:49.392223', '하늘위의 맹수 매를 그린 그림입니다.', 'Pen & Paint', b'1', 0, 1, 50000, '하늘위의 맹수', 8, 28);
/*!40000 ALTER TABLE `artwork` ENABLE KEYS */;

-- 테이블 AwA.attachment 구조 내보내기
CREATE TABLE IF NOT EXISTS `attachment` (
  `file_id` bigint(20) NOT NULL AUTO_INCREMENT,
  `created_date` datetime(6) DEFAULT NULL,
  `modified_date` datetime(6) DEFAULT NULL,
  `artwork_id` bigint(20) DEFAULT NULL,
  `type` varchar(255) COLLATE utf8mb4_unicode_520_ci DEFAULT NULL,
  `url` varchar(255) COLLATE utf8mb4_unicode_520_ci DEFAULT NULL,
  PRIMARY KEY (`file_id`)
) ENGINE=InnoDB AUTO_INCREMENT=100 DEFAULT CHARSET=utf8mb4 COLLATE=utf8mb4_unicode_520_ci;

-- 테이블 데이터 AwA.attachment:~77 rows (대략적) 내보내기
/*!40000 ALTER TABLE `attachment` DISABLE KEYS */;
INSERT INTO `attachment` (`file_id`, `created_date`, `modified_date`, `artwork_id`, `type`, `url`) VALUES
	(2, '2022-08-17 16:21:42.859924', '2022-08-17 16:21:42.859924', 1, 'image', 'https://firebasestorage.googleapis.com/v0/b/artworkauction-b3783.appspot.com/o/nyz%40naver.com%2Fbada952b-3255-401e-86d4-97deeace06fd?alt=media&token=2036a1f7-0cfe-40b5-ab58-409c3855187d'),
	(3, '2022-08-17 16:21:42.861505', '2022-08-17 16:21:42.861505', 1, 'image', 'https://firebasestorage.googleapis.com/v0/b/artworkauction-b3783.appspot.com/o/nyz%40naver.com%2F83abd578-df53-431d-8c86-8e0990950590?alt=media&token=2e03fc73-12a9-472e-a4b7-c9dae4a47467'),
	(4, '2022-08-17 16:22:57.862094', '2022-08-17 16:22:57.862094', 2, 'image', 'https://firebasestorage.googleapis.com/v0/b/artworkauction-b3783.appspot.com/o/rlatpwls15%40naver.com%2F88f3dcc2-349f-4c6a-b06b-f5511f99b2d8?alt=media&token=286f3388-b6d3-45d9-ba1f-991ffd4630b6'),
	(5, '2022-08-17 16:23:36.338793', '2022-08-17 16:23:36.338793', 3, 'image', 'https://firebasestorage.googleapis.com/v0/b/artworkauction-b3783.appspot.com/o/rlatpwls15%40naver.com%2Fb09797db-e3b0-4adf-8d88-dc67dd0787c4?alt=media&token=453b8db7-7066-4b53-852e-6f75851f0b6e'),
	(6, '2022-08-17 16:24:08.908686', '2022-08-17 16:24:08.908686', 4, 'image', 'https://firebasestorage.googleapis.com/v0/b/artworkauction-b3783.appspot.com/o/rlatpwls15%40naver.com%2F4ea7d91e-0bc6-41f9-8e7e-ab6f06b055f6?alt=media&token=8164345a-e814-48a6-ad36-199e400c9f06'),
	(7, '2022-08-17 16:24:32.978592', '2022-08-17 16:24:32.978592', 5, 'image', 'https://firebasestorage.googleapis.com/v0/b/artworkauction-b3783.appspot.com/o/nyz%40naver.com%2F094aae99-9099-4093-8225-fa6f60dd8a37?alt=media&token=ffcc8467-7ba1-4ac6-9c73-d1102ae3d7cb'),
	(8, '2022-08-17 16:24:49.832678', '2022-08-17 16:24:49.832678', 6, 'image', 'https://firebasestorage.googleapis.com/v0/b/artworkauction-b3783.appspot.com/o/rlatpwls15%40naver.com%2Fb3299f70-8afb-4a18-a315-1e72ab046fab?alt=media&token=58a3d4c0-749c-4815-8ba4-c8254d0e3697'),
	(9, '2022-08-17 16:25:30.649193', '2022-08-17 16:25:30.649193', 7, 'image', 'https://firebasestorage.googleapis.com/v0/b/artworkauction-b3783.appspot.com/o/rlatpwls15%40naver.com%2F2e63c4ee-ada1-4f66-8396-4f2a5665a919?alt=media&token=94dddbfb-10e8-4552-b822-18e83b188423'),
	(10, '2022-08-17 16:25:48.524487', '2022-08-17 16:25:48.524487', 8, 'image', 'https://firebasestorage.googleapis.com/v0/b/artworkauction-b3783.appspot.com/o/nyz%40naver.com%2F54c5757d-a32d-4993-bc46-b877099ece2a?alt=media&token=871bd82f-b513-4be8-b177-d3e0ab3df3ef'),
	(11, '2022-08-17 16:25:48.525601', '2022-08-17 16:25:48.525601', 8, 'image', 'https://firebasestorage.googleapis.com/v0/b/artworkauction-b3783.appspot.com/o/nyz%40naver.com%2F9ee0ea5c-3b91-4dee-ada7-04d528187c34?alt=media&token=90d06c25-c0ef-4fc7-890c-e1bf07ce0b12'),
	(12, '2022-08-17 16:25:58.776187', '2022-08-17 16:25:58.776187', 9, 'image', 'https://firebasestorage.googleapis.com/v0/b/artworkauction-b3783.appspot.com/o/rlatpwls15%40naver.com%2F26962cac-beff-477f-9136-989343858d9f?alt=media&token=b0e24df8-64ae-4916-8db3-c1ecf6e18fc0'),
	(13, '2022-08-17 16:26:44.177054', '2022-08-17 16:26:44.177054', 10, 'image', 'https://firebasestorage.googleapis.com/v0/b/artworkauction-b3783.appspot.com/o/nyz%40naver.com%2F2b0025f6-2b31-48a5-a652-d1b44b92338a?alt=media&token=b61b0f9e-d673-4e63-abc5-80c199eba815'),
	(14, '2022-08-17 16:26:50.896377', '2022-08-17 16:26:50.896377', 11, 'image', 'https://firebasestorage.googleapis.com/v0/b/artworkauction-b3783.appspot.com/o/rlatpwls15%40naver.com%2F2dcc4e75-6561-4a34-aa23-d02ab4aae6ca?alt=media&token=2781e29b-29a4-4fc6-81cf-2abaca1d99a5'),
	(15, '2022-08-17 16:28:01.852479', '2022-08-17 16:28:01.852479', 12, 'image', 'https://firebasestorage.googleapis.com/v0/b/artworkauction-b3783.appspot.com/o/nyz%40naver.com%2F54b60e3b-690f-4a3c-a537-4f234e33ac49?alt=media&token=0890f7e0-ebe0-4202-a5be-c7c5989737b6'),
	(16, '2022-08-17 16:29:37.471837', '2022-08-17 16:29:37.471837', 13, 'image', 'https://firebasestorage.googleapis.com/v0/b/artworkauction-b3783.appspot.com/o/rlatpwls15%40naver.com%2Faf7452e7-b81f-4381-b28f-b43d6f5e7f33?alt=media&token=661ea912-d34c-41f4-b224-ffb9c1020ff7'),
	(17, '2022-08-17 16:30:54.438534', '2022-08-17 16:30:54.438534', 14, 'image', 'https://firebasestorage.googleapis.com/v0/b/artworkauction-b3783.appspot.com/o/rlatpwls15%40naver.com%2F3264ec78-bc2c-477c-a2dd-4c3509980466?alt=media&token=cbdf991a-f8cc-4e70-ba7a-d9227e572c76'),
	(18, '2022-08-17 16:31:35.128895', '2022-08-17 16:31:35.128895', 15, 'image', 'https://firebasestorage.googleapis.com/v0/b/artworkauction-b3783.appspot.com/o/rlatpwls15%40naver.com%2Fad692220-6020-409c-aaa9-79000292203a?alt=media&token=d09e2c7e-e53f-4e71-8988-266617f027c2'),
	(19, '2022-08-17 16:32:01.145749', '2022-08-17 16:32:01.145749', 16, 'image', 'https://firebasestorage.googleapis.com/v0/b/artworkauction-b3783.appspot.com/o/rlatpwls15%40naver.com%2F228f67f2-5c39-425c-b80a-dae633224a83?alt=media&token=5c46bbe9-f13b-4a0f-b6a1-71d7f40005b8'),
	(20, '2022-08-17 16:32:53.118246', '2022-08-17 16:32:53.118246', 17, 'image', 'https://firebasestorage.googleapis.com/v0/b/artworkauction-b3783.appspot.com/o/rlatpwls15%40naver.com%2Fb7ddaeb9-b928-41b7-bf2f-4c31f3181b41?alt=media&token=befb23b5-71bf-4392-bbcf-0b8f669061a2'),
	(21, '2022-08-17 16:33:15.209395', '2022-08-17 16:33:15.209395', 18, 'image', 'https://firebasestorage.googleapis.com/v0/b/artworkauction-b3783.appspot.com/o/rlatpwls15%40naver.com%2Fc85d1191-c91c-4997-83e5-7ee9c159408c?alt=media&token=62748c51-d425-45d4-b126-a43bc727574b'),
	(22, '2022-08-17 16:33:45.252115', '2022-08-17 16:33:45.252115', 19, 'image', 'https://firebasestorage.googleapis.com/v0/b/artworkauction-b3783.appspot.com/o/rlatpwls15%40naver.com%2F936644f5-4405-42d6-bef2-86e5403d2696?alt=media&token=3074dd8d-2940-4f40-9beb-9723b8bade24'),
	(23, '2022-08-17 16:41:34.973436', '2022-08-17 16:41:34.973436', 20, 'image', 'https://firebasestorage.googleapis.com/v0/b/artworkauction-b3783.appspot.com/o/dukyum%40kakao.com%2Fae117141-a521-46a5-9820-dba7458198e4?alt=media&token=3922a092-3e52-42c9-b76f-7f86ac3fa97a'),
	(24, '2022-08-17 16:42:38.840079', '2022-08-17 16:42:38.840079', 21, 'image', 'https://firebasestorage.googleapis.com/v0/b/artworkauction-b3783.appspot.com/o/dukyum%40kakao.com%2Fcfaaea17-6d20-4bc4-b5eb-dc38da98774e?alt=media&token=a6bafd1c-a85a-467b-aba8-6cd3d2c15bf7'),
	(25, '2022-08-17 16:42:38.841033', '2022-08-17 16:42:38.841033', 21, 'image', 'https://firebasestorage.googleapis.com/v0/b/artworkauction-b3783.appspot.com/o/dukyum%40kakao.com%2Fd55344e2-0a7a-49cf-80b1-d2687a3aa98c?alt=media&token=62f02329-8b76-444f-a415-cf2702083e14'),
	(26, '2022-08-17 16:42:38.841990', '2022-08-17 16:42:38.841990', 21, 'image', 'https://firebasestorage.googleapis.com/v0/b/artworkauction-b3783.appspot.com/o/dukyum%40kakao.com%2Fb7372da1-31b0-45ef-900f-271091d7b028?alt=media&token=62dc5872-369b-4c07-9aed-91f8cb853677'),
	(27, '2022-08-17 16:43:50.720368', '2022-08-17 16:43:50.720368', 22, 'image', 'https://firebasestorage.googleapis.com/v0/b/artworkauction-b3783.appspot.com/o/dukyum%40kakao.com%2F2c8d9ba2-a3a2-4ab7-814f-c04fa282c8fa?alt=media&token=99233f24-1ad7-41e5-8ffb-8b26e6f07bd6'),
	(28, '2022-08-17 16:43:50.722379', '2022-08-17 16:43:50.722379', 22, 'image', 'https://firebasestorage.googleapis.com/v0/b/artworkauction-b3783.appspot.com/o/dukyum%40kakao.com%2Fff2c3ea2-89b0-4336-8e78-f089ffd1264e?alt=media&token=a255c7eb-9417-4bf6-b9ef-288000312d61'),
	(29, '2022-08-17 16:46:49.854906', '2022-08-17 16:46:49.854906', 23, 'image', 'https://firebasestorage.googleapis.com/v0/b/artworkauction-b3783.appspot.com/o/gomduritjsgu%40naver.com%2Ff91bf4d2-9d9a-443c-afb8-33f1c976435d?alt=media&token=b86458f4-333f-48e0-94d3-16fbac598c7c'),
	(30, '2022-08-17 16:48:25.680025', '2022-08-17 16:48:25.680025', 24, 'image', 'https://firebasestorage.googleapis.com/v0/b/artworkauction-b3783.appspot.com/o/gomduritjsgu%40naver.com%2F9fb36a93-dc6e-40b3-8a04-010a39cc5801?alt=media&token=f02a673d-65a1-4ad9-bdfe-867ce8d379b0'),
	(31, '2022-08-17 16:49:31.646894', '2022-08-17 16:49:31.646894', 25, 'image', 'https://firebasestorage.googleapis.com/v0/b/artworkauction-b3783.appspot.com/o/gomduritjsgu%40naver.com%2F9f495834-6640-4075-b559-5df074f4d813?alt=media&token=21ba3cc5-e99e-47be-8c7e-b16fec8627b2'),
	(32, '2022-08-17 16:50:33.270523', '2022-08-17 16:50:33.270523', 26, 'image', 'https://firebasestorage.googleapis.com/v0/b/artworkauction-b3783.appspot.com/o/rlatpwls15%40nate.com%2F980437e3-e163-448a-8dad-dc686f40ac3d?alt=media&token=dfbd366c-0ea1-4c17-b3b4-6139f9e438ef'),
	(33, '2022-08-17 16:50:47.183575', '2022-08-17 16:50:47.183575', 27, 'image', 'https://firebasestorage.googleapis.com/v0/b/artworkauction-b3783.appspot.com/o/gomduritjsgu%40naver.com%2Fdca22b37-56da-4231-bc24-47bfeb54541c?alt=media&token=00625113-c4e6-4c3c-8ccf-8060af5bbd75'),
	(34, '2022-08-17 16:54:22.538776', '2022-08-17 16:54:22.538776', 28, 'image', 'https://firebasestorage.googleapis.com/v0/b/artworkauction-b3783.appspot.com/o/gomduritjsgu%40naver.com%2Fb2899ebf-8ff4-4751-bd03-db2b533674df?alt=media&token=9f0b4393-5fc8-43ce-8e16-1f70a4f5a871'),
	(35, '2022-08-17 16:54:22.539747', '2022-08-17 16:54:22.539747', 28, 'image', 'https://firebasestorage.googleapis.com/v0/b/artworkauction-b3783.appspot.com/o/gomduritjsgu%40naver.com%2F199ca301-6f56-4782-93a2-525284a537cf?alt=media&token=41767f91-17ad-46dd-87e1-b3e967b05417'),
	(36, '2022-08-17 16:55:23.251209', '2022-08-17 16:55:23.251209', 29, 'image', 'https://firebasestorage.googleapis.com/v0/b/artworkauction-b3783.appspot.com/o/gomduritjsgu%40naver.com%2F5965072e-8181-4748-a231-3059d87f56bb?alt=media&token=8105e4e4-3c43-4e79-a802-42f84ee5efb9'),
	(37, '2022-08-17 16:58:43.857464', '2022-08-17 16:58:43.857464', 30, 'image', 'https://firebasestorage.googleapis.com/v0/b/artworkauction-b3783.appspot.com/o/dukyum%40kakao.com%2Fa2a54218-566a-4cf5-b789-56c69e638567?alt=media&token=29aa8a7d-e927-4386-8a27-f4b7e0226a6e'),
	(38, '2022-08-17 16:58:43.858374', '2022-08-17 16:58:43.858374', 30, 'image', 'https://firebasestorage.googleapis.com/v0/b/artworkauction-b3783.appspot.com/o/dukyum%40kakao.com%2Fe35a29c1-6dd0-4fd5-9873-768ec4be1b0a?alt=media&token=099fb051-32d4-4326-b655-78b1308e121c'),
	(39, '2022-08-17 17:28:05.984631', '2022-08-17 17:28:05.984631', 31, 'image', 'https://firebasestorage.googleapis.com/v0/b/artworkauction-b3783.appspot.com/o/rlatpwls15%40nate.com%2Faac7a75b-e4ff-461d-b8c3-145c9c57b850?alt=media&token=c0fa3812-ab87-41c8-9cf0-aac7aadf45c5'),
	(40, '2022-08-17 17:28:58.102698', '2022-08-17 17:28:58.102698', 32, 'image', 'https://firebasestorage.googleapis.com/v0/b/artworkauction-b3783.appspot.com/o/rlatpwls15%40nate.com%2Fa9a9c9a5-029a-42e3-8b22-ece8739d43aa?alt=media&token=d6882f55-8399-4b20-955c-90e992ed5e9f'),
	(41, '2022-08-17 17:31:07.820060', '2022-08-17 17:31:07.820060', 33, 'image', 'https://firebasestorage.googleapis.com/v0/b/artworkauction-b3783.appspot.com/o/rlatpwls15%40nate.com%2Ff3bec3f8-781e-4053-9c87-4698a2871c63?alt=media&token=8c4a1f42-e68e-46cd-ab80-dde370cc264a'),
	(42, '2022-08-17 17:31:31.960084', '2022-08-17 17:31:31.960084', 34, 'image', 'https://firebasestorage.googleapis.com/v0/b/artworkauction-b3783.appspot.com/o/rlatpwls15%40nate.com%2F259fb7b5-6642-4792-8ce3-52f39cbc6299?alt=media&token=5a128a4b-41d5-4ba3-87df-fee4448418fc'),
	(43, '2022-08-17 17:31:55.527276', '2022-08-17 17:31:55.527276', 35, 'image', 'https://firebasestorage.googleapis.com/v0/b/artworkauction-b3783.appspot.com/o/rlatpwls15%40nate.com%2Fe694910e-06e3-4b13-93b7-8e726b94737f?alt=media&token=e3e60cd6-4489-45a0-a242-40f72c85203c'),
	(44, '2022-08-17 17:33:00.732183', '2022-08-17 17:33:00.732183', 36, 'image', 'https://firebasestorage.googleapis.com/v0/b/artworkauction-b3783.appspot.com/o/rlatpwls15%40nate.com%2F5e2ba927-b17c-4c4b-bc07-12bf43a7914b?alt=media&token=d49bdefd-6754-4725-8c3b-7581aaa6fb0c'),
	(45, '2022-08-17 17:33:41.638950', '2022-08-17 17:33:41.638950', 37, 'image', 'https://firebasestorage.googleapis.com/v0/b/artworkauction-b3783.appspot.com/o/rlatpwls15%40nate.com%2Fe61a8d53-2d74-4cab-80cf-37228ace8a3d?alt=media&token=417412cc-4f09-431d-9e1c-b0ff4c303d4d'),
	(46, '2022-08-17 17:34:09.941497', '2022-08-17 17:34:09.941497', 38, 'image', 'https://firebasestorage.googleapis.com/v0/b/artworkauction-b3783.appspot.com/o/rlatpwls15%40nate.com%2F94fef4b3-04e4-4902-9e6c-7a5c85655aeb?alt=media&token=001da0b9-7906-4980-9dfd-6885bd170600'),
	(47, '2022-08-17 17:37:25.824131', '2022-08-17 17:37:25.824131', 39, 'image', 'https://firebasestorage.googleapis.com/v0/b/artworkauction-b3783.appspot.com/o/rlatpwls15%40nate.com%2Fca745e59-4a0a-453a-a40c-17d3315ce14a?alt=media&token=0ed60db9-5ff1-4811-9b2b-b39e34544924'),
	(48, '2022-08-17 17:38:41.858527', '2022-08-17 17:38:41.858527', 40, 'image', 'https://firebasestorage.googleapis.com/v0/b/artworkauction-b3783.appspot.com/o/rlatpwls15%40nate.com%2Fa4b5f80e-a34f-44c6-862a-511f4dca1ec7?alt=media&token=861249c7-9558-4498-ade8-a597a8093146'),
	(49, '2022-08-17 17:40:12.500889', '2022-08-17 17:40:12.500889', 41, 'image', 'https://firebasestorage.googleapis.com/v0/b/artworkauction-b3783.appspot.com/o/rlatpwls15%40nate.com%2Fe47dc9db-c5bc-45ae-8c79-23d3ed4877ed?alt=media&token=6a8de5b5-e173-4c42-b5ad-38f3a925d159'),
	(50, '2022-08-17 17:41:25.138398', '2022-08-17 17:41:25.138398', 42, 'image', 'https://firebasestorage.googleapis.com/v0/b/artworkauction-b3783.appspot.com/o/rlatpwls15%40nate.com%2F502ce6e9-9635-483b-bdf1-8ea2f96b691c?alt=media&token=e0c56c12-bea2-44fc-8a86-ae680278a2c6'),
	(51, '2022-08-17 17:43:04.357864', '2022-08-17 17:43:04.357864', 43, 'image', 'https://firebasestorage.googleapis.com/v0/b/artworkauction-b3783.appspot.com/o/rlatpwls15%40kakao.com%2F14520e82-d144-4248-be82-ddb8d2f53598?alt=media&token=a0f6c621-a742-434f-aa0e-d85b2c228dab'),
	(52, '2022-08-17 17:43:32.261238', '2022-08-17 17:43:32.261238', 44, 'image', 'https://firebasestorage.googleapis.com/v0/b/artworkauction-b3783.appspot.com/o/rlatpwls15%40kakao.com%2Fe65edae0-9722-43a2-aa4a-1405ac38c75a?alt=media&token=0e8eea86-e608-4288-b632-b98c276877d0'),
	(53, '2022-08-17 17:44:01.346272', '2022-08-17 17:44:01.346272', 45, 'image', 'https://firebasestorage.googleapis.com/v0/b/artworkauction-b3783.appspot.com/o/rlatpwls15%40kakao.com%2F070d1feb-e577-4dcd-9538-9f169ab1616a?alt=media&token=0a045045-4768-43aa-aa90-717baee9c3d4'),
	(54, '2022-08-17 17:44:48.188568', '2022-08-17 17:44:48.188568', 46, 'image', 'https://firebasestorage.googleapis.com/v0/b/artworkauction-b3783.appspot.com/o/rlatpwls15%40kakao.com%2Fc4287e75-17af-4779-8f44-2b9ab59fc0e0?alt=media&token=58f442de-4b1b-4b2e-a3c2-7405b0d5819f'),
	(55, '2022-08-17 17:45:15.233809', '2022-08-17 17:45:15.233809', 47, 'image', 'https://firebasestorage.googleapis.com/v0/b/artworkauction-b3783.appspot.com/o/rlatpwls15%40kakao.com%2Fe28f12dd-9858-40f8-a6f8-7ba8104a868f?alt=media&token=9131e0f7-1b36-4099-88ae-c9f41811412d'),
	(56, '2022-08-17 17:45:42.570915', '2022-08-17 17:45:42.570915', 48, 'image', 'https://firebasestorage.googleapis.com/v0/b/artworkauction-b3783.appspot.com/o/rlatpwls15%40kakao.com%2Fc401cccc-fed1-49ce-b1d4-c12ec4e23a73?alt=media&token=63d17342-4166-4f96-9fa8-5bb82058e3f9'),
	(57, '2022-08-17 17:46:07.833678', '2022-08-17 17:46:07.833678', 49, 'image', 'https://firebasestorage.googleapis.com/v0/b/artworkauction-b3783.appspot.com/o/rlatpwls15%40kakao.com%2Fb2dfb64d-8e29-49ab-8d4b-ae7afdaac376?alt=media&token=f4c6fdb4-1cb9-4421-8ad0-569a245b52e0'),
	(58, '2022-08-17 17:46:50.831045', '2022-08-17 17:46:50.831045', 50, 'image', 'https://firebasestorage.googleapis.com/v0/b/artworkauction-b3783.appspot.com/o/rlatpwls15%40kakao.com%2F007945f9-1bb0-4ff7-a064-d539a0c4a47d?alt=media&token=361ad889-193f-4d9e-b95e-703fed979dd6'),
	(66, '2022-08-18 01:21:11.988965', '2022-08-18 01:21:11.988965', 53, 'image', 'https://firebasestorage.googleapis.com/v0/b/artworkauction-b3783.appspot.com/o/wjstkdwo159%40naver.com%2Fd74efec9-ef0e-439c-ac0a-500bfb1b49de?alt=media&token=96b706d7-90e4-43d2-9df2-8facf482e738'),
	(67, '2022-08-18 01:37:38.538522', '2022-08-18 01:37:38.538522', 54, 'image', 'https://firebasestorage.googleapis.com/v0/b/artworkauction-b3783.appspot.com/o/gomduritjsgu%40naver.com%2F46ce3d00-1055-4eca-9823-47d9632bd6b5?alt=media&token=46ce2d7d-a66c-4f63-a32c-9a67cf8be9e1'),
	(68, '2022-08-18 01:37:38.539537', '2022-08-18 01:37:38.539537', 54, 'image', 'https://firebasestorage.googleapis.com/v0/b/artworkauction-b3783.appspot.com/o/gomduritjsgu%40naver.com%2Fe1e4fa5d-7cc4-42cf-8829-2391df2e6559?alt=media&token=90c27714-333a-4ca7-8b8d-3eb6d241091c'),
	(69, '2022-08-18 01:38:17.534064', '2022-08-18 01:38:17.534064', 55, 'image', 'https://firebasestorage.googleapis.com/v0/b/artworkauction-b3783.appspot.com/o/gomduritjsgu%40naver.com%2F8c23adee-d493-486f-8aae-504a20d27e50?alt=media&token=55c998c3-ac44-413d-b480-2224a7fbd9e3'),
	(70, '2022-08-18 01:38:17.535101', '2022-08-18 01:38:17.535101', 55, 'image', 'https://firebasestorage.googleapis.com/v0/b/artworkauction-b3783.appspot.com/o/gomduritjsgu%40naver.com%2F796208ce-8efc-400a-ab53-855731cca624?alt=media&token=b6125c5b-bc2a-443f-9344-572379705172'),
	(71, '2022-08-18 01:39:43.320734', '2022-08-18 01:39:43.320734', 56, 'image', 'https://firebasestorage.googleapis.com/v0/b/artworkauction-b3783.appspot.com/o/gomduritjsgu%40naver.com%2F7ea27e77-369b-4bfb-b5a1-ee7b507c7834?alt=media&token=66dbe4b0-f265-4345-952f-53dc835273e3'),
	(72, '2022-08-18 01:45:21.126025', '2022-08-18 01:45:21.126025', 57, 'image', 'https://firebasestorage.googleapis.com/v0/b/artworkauction-b3783.appspot.com/o/gomduritjsgu%40naver.com%2F7b87e8f8-f13e-4918-98c2-1d73ad58e8f2?alt=media&token=b20c13b4-c693-4688-87be-2163006e0395'),
	(73, '2022-08-18 01:51:50.316523', '2022-08-18 01:51:50.316523', 58, 'image', 'https://firebasestorage.googleapis.com/v0/b/artworkauction-b3783.appspot.com/o/dukyum%40kakao.com%2Fb2e24c95-643a-4f70-b1e0-109e5808117c?alt=media&token=6cf518e7-95d2-4c3d-900d-3a2a284cba76'),
	(75, '2022-08-18 02:24:17.876709', '2022-08-18 02:24:17.876709', 59, 'image', 'https://firebasestorage.googleapis.com/v0/b/artworkauction-b3783.appspot.com/o/ddangholee%40gmail.com%2Fabeef34d-d256-4c60-87bc-84d02811dcc5?alt=media&token=7480ed71-ee88-4bed-8eaa-98a879a54971'),
	(76, '2022-08-18 02:24:17.877828', '2022-08-18 02:24:17.877828', 59, 'image', 'https://firebasestorage.googleapis.com/v0/b/artworkauction-b3783.appspot.com/o/ddangholee%40gmail.com%2F8eed9a92-49f2-454d-b402-d4ee6a560b85?alt=media&token=e5fd6582-aedd-4613-8796-48ced59f059f'),
	(77, '2022-08-18 04:10:05.278671', '2022-08-18 04:10:05.278671', 60, 'image', 'https://firebasestorage.googleapis.com/v0/b/artworkauction-b3783.appspot.com/o/chlasnmzx2%40naver.com%2F34ccebfc-349c-466d-9be2-e7b322513504?alt=media&token=49362d45-4b2a-4fca-87be-14c3d7a8ad48'),
	(78, '2022-08-18 07:58:45.948140', '2022-08-18 07:58:45.948140', 61, 'image', 'https://firebasestorage.googleapis.com/v0/b/artworkauction-b3783.appspot.com/o/wjstkdwo159%40naver.com%2F0133475f-300a-4abb-9eb0-c9dd07742fad?alt=media&token=4b8f82a5-d422-49ad-8cf9-f3cc678f8226'),
	(83, '2022-08-18 09:34:24.352132', '2022-08-18 09:34:24.352132', 51, 'image', 'https://firebasestorage.googleapis.com/v0/b/pjt1-f51e1.appspot.com/o/zmmmm111%40gmail.com%2Fb026b226-0a61-4111-a5e6-0922042d9143?alt=media&token=29877dee-d164-4482-8a24-97775568d182'),
	(84, '2022-08-18 09:34:24.353394', '2022-08-18 09:34:24.353394', 51, 'image', 'https://firebasestorage.googleapis.com/v0/b/pjt1-f51e1.appspot.com/o/zmmmm111%40gmail.com%2F97021860-819e-4815-b76d-0600e6336a94?alt=media&token=fa4d2f29-fb63-4bbb-9560-aed92f226629'),
	(85, '2022-08-18 12:28:45.853412', '2022-08-18 12:28:45.853412', 62, 'image', 'https://firebasestorage.googleapis.com/v0/b/artworkauction-b3783.appspot.com/o/kimsejin159%40gmail.com%2Fcf4c7f01-6db3-4444-820a-00777e0a1da4?alt=media&token=7c44679d-e888-4d9b-9dd3-e6f75d6cc3b5'),
	(86, '2022-08-18 12:30:50.305505', '2022-08-18 12:30:50.305505', 63, 'image', 'https://firebasestorage.googleapis.com/v0/b/artworkauction-b3783.appspot.com/o/kimsejin159%40gmail.com%2F8d522f02-340b-449a-9803-b0c5b39b0272?alt=media&token=7e9d8a80-500b-4397-950b-b829c529f41e'),
	(87, '2022-08-18 12:42:59.528966', '2022-08-18 12:42:59.528966', 64, 'image', 'https://firebasestorage.googleapis.com/v0/b/artworkauction-b3783.appspot.com/o/ehddb2252%40gmail.com%2Fe4c5e123-d40f-4386-8daf-e73c7736bcdd?alt=media&token=ec28f197-619b-4dc7-980c-005582f5b9bc'),
	(88, '2022-08-18 12:50:16.482097', '2022-08-18 12:50:16.482097', 65, 'image', 'https://firebasestorage.googleapis.com/v0/b/artworkauction-b3783.appspot.com/o/ehddb2252%40gmail.com%2F4b659b1d-759b-44cf-9144-45c9a9d2ec1a?alt=media&token=f4da8cf9-f6de-4b10-a978-c7cae58015f4'),
	(90, '2022-08-18 14:30:40.669026', '2022-08-18 14:30:40.669026', 66, 'image', 'https://firebasestorage.googleapis.com/v0/b/artworkauction-b3783.appspot.com/o/codepark21%40gmail.com%2Ffd417c0e-48dd-4d9c-b32e-68af79efa204?alt=media&token=6f31bbc4-5e75-4854-a1e3-f83a014d8077'),
	(99, '2022-08-18 16:42:27.859683', '2022-08-18 16:42:27.859683', 71, 'image', 'https://firebasestorage.googleapis.com/v0/b/artworkauction-b3783.appspot.com/o/chob58%40naver.com%2F5225f170-fef4-4f4f-9ea0-24c17bc91525?alt=media&token=a68d485b-07dc-402b-80f0-10ee0822d501');
/*!40000 ALTER TABLE `attachment` ENABLE KEYS */;

-- 테이블 AwA.comment 구조 내보내기
CREATE TABLE IF NOT EXISTS `comment` (
  `comment_id` bigint(20) NOT NULL AUTO_INCREMENT,
  `created_date` datetime(6) DEFAULT NULL,
  `modified_date` datetime(6) DEFAULT NULL,
  `content` varchar(255) COLLATE utf8mb4_unicode_520_ci DEFAULT NULL,
  `parent_artwork` bigint(20) DEFAULT NULL,
  `writer_profile_id` bigint(20) DEFAULT NULL,
  PRIMARY KEY (`comment_id`),
  KEY `FKl57l71ukern7q5p1oqfa3aoa9` (`parent_artwork`),
  KEY `FK5npaom23mdrrh5oc0rwkdq91b` (`writer_profile_id`),
  CONSTRAINT `FK5npaom23mdrrh5oc0rwkdq91b` FOREIGN KEY (`writer_profile_id`) REFERENCES `profile` (`profile_id`),
  CONSTRAINT `FKl57l71ukern7q5p1oqfa3aoa9` FOREIGN KEY (`parent_artwork`) REFERENCES `artwork` (`artwork_id`)
) ENGINE=InnoDB AUTO_INCREMENT=24 DEFAULT CHARSET=utf8mb4 COLLATE=utf8mb4_unicode_520_ci;

-- 테이블 데이터 AwA.comment:~10 rows (대략적) 내보내기
/*!40000 ALTER TABLE `comment` DISABLE KEYS */;
INSERT INTO `comment` (`comment_id`, `created_date`, `modified_date`, `content`, `parent_artwork`, `writer_profile_id`) VALUES
	(2, '2022-08-17 18:01:59.690092', '2022-08-17 18:01:59.690092', '수제버거 너무 맛있겠네요', 46, 12),
	(3, '2022-08-18 01:39:04.307423', '2022-08-18 01:39:04.307423', '사진이 참 아름답습니다.', 53, 1),
	(4, '2022-08-18 01:40:58.325056', '2022-08-18 01:40:58.325056', '아름다운 한쌍이네요.', 53, 8),
	(6, '2022-08-18 02:55:08.453338', '2022-08-18 02:55:08.453338', 'ㅁㄴㅇㅁㄴㅇ', 57, 20),
	(7, '2022-08-18 04:49:17.738869', '2022-08-18 04:49:17.738869', '개가 너무 이뻐요', 24, 20),
	(16, '2022-08-18 12:37:53.695064', '2022-08-18 12:38:00.378767', '그림이 아니라 사진인데요???', 46, 29),
	(17, '2022-08-18 12:39:39.818768', '2022-08-18 12:39:39.818768', '조각상이 아름다워요 !', 41, 28),
	(18, '2022-08-18 12:39:58.808549', '2022-08-18 12:39:58.808549', '작가님 그림이 정말 다 마음에 드네요 !', 38, 28),
	(19, '2022-08-18 12:47:02.921337', '2022-08-18 12:47:02.921337', '저도 저런 때가 있었는데,,', 53, 29),
	(20, '2022-08-18 14:25:36.736264', '2022-08-18 14:25:36.736264', '펄이 아름답네요 구매 희망합니다. 절차 문의 드려요', 58, 30);
/*!40000 ALTER TABLE `comment` ENABLE KEYS */;

-- 테이블 AwA.favorite_field 구조 내보내기
CREATE TABLE IF NOT EXISTS `favorite_field` (
  `profile_id` bigint(20) NOT NULL,
  `favorite_field` varchar(255) COLLATE utf8mb4_unicode_520_ci DEFAULT NULL,
  KEY `FKkkae289i5tkqmm5srd2mpmr3a` (`profile_id`),
  CONSTRAINT `FKkkae289i5tkqmm5srd2mpmr3a` FOREIGN KEY (`profile_id`) REFERENCES `profile` (`profile_id`)
) ENGINE=InnoDB DEFAULT CHARSET=utf8mb4 COLLATE=utf8mb4_unicode_520_ci;

-- 테이블 데이터 AwA.favorite_field:~24 rows (대략적) 내보내기
/*!40000 ALTER TABLE `favorite_field` DISABLE KEYS */;
INSERT INTO `favorite_field` (`profile_id`, `favorite_field`) VALUES
	(2, '회화'),
	(2, '디지털'),
	(4, '디지털'),
	(6, '기타'),
	(8, '조소'),
	(8, '서예'),
	(8, '디지털'),
	(11, '디지털'),
	(12, '건축'),
	(12, '디지털'),
	(18, '공예'),
	(18, '건축'),
	(18, '디지털'),
	(18, '회화'),
	(20, '디지털'),
	(20, '공예'),
	(1, '회화'),
	(1, '디지털'),
	(1, '공예'),
	(1, '건축'),
	(28, '회화'),
	(28, '조소'),
	(28, '디지털'),
	(28, '기타');
/*!40000 ALTER TABLE `favorite_field` ENABLE KEYS */;

-- 테이블 AwA.follow 구조 내보내기
CREATE TABLE IF NOT EXISTS `follow` (
  `follow_id` bigint(20) NOT NULL AUTO_INCREMENT,
  `from_profile_id` bigint(20) DEFAULT NULL,
  `to_profile_id` bigint(20) DEFAULT NULL,
  PRIMARY KEY (`follow_id`),
  KEY `FKn5o66woqwsamf4wwjc58ltnxs` (`from_profile_id`),
  KEY `FKaqd1wqqt3v1bxrbf2r5qqeer5` (`to_profile_id`),
  CONSTRAINT `FKaqd1wqqt3v1bxrbf2r5qqeer5` FOREIGN KEY (`to_profile_id`) REFERENCES `profile` (`profile_id`),
  CONSTRAINT `FKn5o66woqwsamf4wwjc58ltnxs` FOREIGN KEY (`from_profile_id`) REFERENCES `profile` (`profile_id`)
) ENGINE=InnoDB AUTO_INCREMENT=40 DEFAULT CHARSET=utf8mb4 COLLATE=utf8mb4_unicode_520_ci;

-- 테이블 데이터 AwA.follow:~20 rows (대략적) 내보내기
/*!40000 ALTER TABLE `follow` DISABLE KEYS */;
INSERT INTO `follow` (`follow_id`, `from_profile_id`, `to_profile_id`) VALUES
	(5, 6, 2),
	(6, 12, 1),
	(7, 12, 11),
	(9, 12, 2),
	(12, 18, 11),
	(13, 5, 18),
	(15, 8, 1),
	(16, 5, 1),
	(17, 18, 1),
	(18, 1, 2),
	(20, 1, 18),
	(21, 5, 2),
	(27, 20, 2),
	(30, 1, 6),
	(33, 12, 18),
	(34, 12, 6),
	(35, 12, 8),
	(36, 28, 8),
	(37, 28, 2),
	(38, 30, 29),
	(39, 12, 28);
/*!40000 ALTER TABLE `follow` ENABLE KEYS */;

-- 테이블 AwA.genre 구조 내보내기
CREATE TABLE IF NOT EXISTS `genre` (
  `artwork_id` bigint(20) NOT NULL,
  `genre` varchar(255) COLLATE utf8mb4_unicode_520_ci DEFAULT NULL,
  KEY `FKd8q4dbvrqtt6dhs9vnaxxjbug` (`artwork_id`),
  CONSTRAINT `FKd8q4dbvrqtt6dhs9vnaxxjbug` FOREIGN KEY (`artwork_id`) REFERENCES `artwork` (`artwork_id`)
) ENGINE=InnoDB DEFAULT CHARSET=utf8mb4 COLLATE=utf8mb4_unicode_520_ci;

-- 테이블 데이터 AwA.genre:~66 rows (대략적) 내보내기
/*!40000 ALTER TABLE `genre` DISABLE KEYS */;
INSERT INTO `genre` (`artwork_id`, `genre`) VALUES
	(1, '디지털'),
	(2, '회화'),
	(3, '회화'),
	(4, '회화'),
	(5, '디지털'),
	(6, '디지털'),
	(7, '디지털'),
	(8, '디지털'),
	(9, '디지털'),
	(10, '디지털'),
	(11, '회화'),
	(12, '디지털'),
	(13, '회화'),
	(14, '회화'),
	(14, '디지털'),
	(15, '회화'),
	(15, '디지털'),
	(16, '회화'),
	(17, '회화'),
	(18, '회화'),
	(19, '회화'),
	(20, '기타'),
	(21, '기타'),
	(22, '기타'),
	(23, '디지털'),
	(23, '회화'),
	(24, '회화'),
	(24, '디지털'),
	(25, '기타'),
	(27, '회화'),
	(28, '회화'),
	(28, '디지털'),
	(29, '회화'),
	(30, '기타'),
	(31, '회화'),
	(32, '조소'),
	(34, '회화'),
	(35, '회화'),
	(36, '회화'),
	(37, '회화'),
	(38, '회화'),
	(38, '디지털'),
	(39, '서예'),
	(40, '서예'),
	(41, '조소'),
	(42, '조소'),
	(43, '디지털'),
	(44, '디지털'),
	(45, '디지털'),
	(46, '디지털'),
	(47, '디지털'),
	(48, '디지털'),
	(49, '디지털'),
	(50, '디지털'),
	(53, '디지털'),
	(54, '디지털'),
	(55, '기타'),
	(56, '디지털'),
	(56, '회화'),
	(57, '회화'),
	(57, '디지털'),
	(58, '기타'),
	(51, '건축'),
	(51, '기타'),
	(63, '회화');
/*!40000 ALTER TABLE `genre` ENABLE KEYS */;

-- 테이블 AwA.likes 구조 내보내기
CREATE TABLE IF NOT EXISTS `likes` (
  `like_id` bigint(20) NOT NULL AUTO_INCREMENT,
  `artwork_id` bigint(20) DEFAULT NULL,
  `profile_id` bigint(20) DEFAULT NULL,
  PRIMARY KEY (`like_id`),
  KEY `FKnlsabfma0gmxf4cicxpgik3bv` (`artwork_id`),
  KEY `FK272mkl0ib6eiqw7ib47tiptyx` (`profile_id`),
  CONSTRAINT `FK272mkl0ib6eiqw7ib47tiptyx` FOREIGN KEY (`profile_id`) REFERENCES `profile` (`profile_id`),
  CONSTRAINT `FKnlsabfma0gmxf4cicxpgik3bv` FOREIGN KEY (`artwork_id`) REFERENCES `artwork` (`artwork_id`)
) ENGINE=InnoDB AUTO_INCREMENT=67 DEFAULT CHARSET=utf8mb4 COLLATE=utf8mb4_unicode_520_ci;

-- 테이블 데이터 AwA.likes:~30 rows (대략적) 내보내기
/*!40000 ALTER TABLE `likes` DISABLE KEYS */;
INSERT INTO `likes` (`like_id`, `artwork_id`, `profile_id`) VALUES
	(8, 23, 2),
	(10, 20, 12),
	(11, 51, 12),
	(12, 46, 12),
	(13, 35, 12),
	(14, 5, 12),
	(18, 53, 18),
	(19, 53, 1),
	(21, 23, 1),
	(22, 25, 1),
	(23, 50, 1),
	(24, 41, 1),
	(25, 38, 1),
	(26, 39, 1),
	(27, 53, 8),
	(28, 54, 6),
	(29, 24, 6),
	(30, 23, 6),
	(31, 27, 6),
	(34, 58, 20),
	(42, 24, 20),
	(43, 27, 20),
	(46, 56, 2),
	(50, 28, 2),
	(53, 40, 12),
	(55, 63, 28),
	(58, 34, 29),
	(59, 41, 28),
	(60, 38, 28),
	(61, 29, 28),
	(66, 58, 12);
/*!40000 ALTER TABLE `likes` ENABLE KEYS */;

-- 테이블 AwA.message 구조 내보내기
CREATE TABLE IF NOT EXISTS `message` (
  `message_id` bigint(20) NOT NULL AUTO_INCREMENT,
  `created_date` datetime(6) DEFAULT NULL,
  `modified_date` datetime(6) DEFAULT NULL,
  `content` varchar(500) COLLATE utf8mb4_unicode_520_ci NOT NULL,
  `room_id` bigint(20) DEFAULT NULL,
  PRIMARY KEY (`message_id`),
  KEY `FKl1kg5a2471cv6pkew0gdgjrmo` (`room_id`),
  CONSTRAINT `FKl1kg5a2471cv6pkew0gdgjrmo` FOREIGN KEY (`room_id`) REFERENCES `room` (`room_id`)
) ENGINE=InnoDB DEFAULT CHARSET=utf8mb4 COLLATE=utf8mb4_unicode_520_ci;

-- 테이블 데이터 AwA.message:~0 rows (대략적) 내보내기
/*!40000 ALTER TABLE `message` DISABLE KEYS */;
/*!40000 ALTER TABLE `message` ENABLE KEYS */;

-- 테이블 AwA.notice 구조 내보내기
CREATE TABLE IF NOT EXISTS `notice` (
  `notice_id` bigint(20) NOT NULL AUTO_INCREMENT,
  `created_date` datetime(6) DEFAULT NULL,
  `modified_date` datetime(6) DEFAULT NULL,
  `content` text COLLATE utf8mb4_unicode_520_ci NOT NULL,
  `title` varchar(50) COLLATE utf8mb4_unicode_520_ci NOT NULL,
  `view_count` int(11) DEFAULT NULL,
  PRIMARY KEY (`notice_id`)
) ENGINE=InnoDB AUTO_INCREMENT=14 DEFAULT CHARSET=utf8mb4 COLLATE=utf8mb4_unicode_520_ci;

-- 테이블 데이터 AwA.notice:~13 rows (대략적) 내보내기
/*!40000 ALTER TABLE `notice` DISABLE KEYS */;
INSERT INTO `notice` (`notice_id`, `created_date`, `modified_date`, `content`, `title`, `view_count`) VALUES
	(1, '2022-08-18 00:46:48.136208', '2022-08-18 00:46:48.188854', '회원가입 후 판매하고 싶은 작품을 소개와 같이 올려주시면 됩니다.\n', '[공지] AwA 사이트 이용 안내', 1),
	(2, '2022-08-18 00:48:20.082896', '2022-08-18 00:48:20.134518', 'AwA 서비스의 서버 작업이 8/19일 예정되어 있습니다. ', '[공지] 사이트 서버 작업 사전 안내', 1),
	(3, '2022-08-18 00:49:05.034530', '2022-08-19 00:42:16.044959', '업데이트 일정 : 2022년 8월 19일(금) 오후 2시경', '[업데이트] AwA 비정기 업데이트 소식', 3),
	(4, '2022-08-18 00:49:59.727901', '2022-08-18 16:41:46.729053', '많은 이용 부탁드립니다.', '[이벤트] 8월 출석체크 이벤트', 3),
	(5, '2022-08-18 00:50:35.738701', '2022-08-18 00:50:35.786710', '누구일까요?', '[당첨자 발표] 출석체크 이벤트 당첨자 발표', 1),
	(6, '2022-08-18 00:51:47.765956', '2022-08-18 00:51:47.812812', '안녕하세요 , AwA 입니다.\n\n2022년 8월 18일(목) 오전 9시 10분경부터 AwA 접속 오류가 발생하였고, 최종 오전 9시 51분에 모두 정상화 되었습니다.', '[서비스] AwA 서비스 접속 정상화 안내', 1),
	(7, '2022-08-18 00:52:34.091364', '2022-08-18 00:52:34.143292', '무슨 기능이 추가될까요?', '[업데이트] AwA v1.1 정기 업데이트 소식', 1),
	(8, '2022-08-18 00:53:37.608946', '2022-08-18 14:41:55.410967', '다 영정 먹여버렸습니다.', '[안내] 불건전 이용자 단속 현황 안내 ( 8월 1주차 ~ 8월 3주차)', 5),
	(9, '2022-08-18 00:54:24.754811', '2022-08-18 00:54:24.805283', '이용약관이 변경되었습니다.', '[공지] AwA 이용약관 개정 안내', 1),
	(10, '2022-08-18 01:01:25.575243', '2022-08-18 07:46:59.197925', '없다고 해주세요', '[공지] 8월 18일 알려진 문제점 안내', 4),
	(11, '2022-08-18 01:02:52.340441', '2022-08-18 14:41:55.814496', '감사합니다.', '[공지] AwA \'2022 대한민국 브랜드 대상\' 수상', 8),
	(12, '2022-08-18 01:12:34.123826', '2022-08-19 00:29:40.865051', '마스코트 이름은 뭔가요?', '[이벤트] AwA 마스코트 캐릭터 상품 공식 출시', 15),
	(13, '2022-08-18 06:35:55.116323', '2022-08-19 00:45:04.718342', 'AwA 사이트 마스코트의 이름을 정해주세요 !\n\n캐릭터 이름으로 당선된 아이디어를 제공해주신 사용자분께 소정의 상품을 지급해드립니다 !', '[이벤트] AwA 마스코트 캐릭터 이름 공모전', 19);
/*!40000 ALTER TABLE `notice` ENABLE KEYS */;

-- 테이블 AwA.profile 구조 내보내기
CREATE TABLE IF NOT EXISTS `profile` (
  `profile_id` bigint(20) NOT NULL AUTO_INCREMENT,
  `created_date` datetime(6) DEFAULT NULL,
  `modified_date` datetime(6) DEFAULT NULL,
  `description` varchar(255) COLLATE utf8mb4_unicode_520_ci DEFAULT NULL,
  `nickname` varchar(255) COLLATE utf8mb4_unicode_520_ci DEFAULT NULL,
  `profile_picture_url` varchar(255) COLLATE utf8mb4_unicode_520_ci DEFAULT NULL,
  `user_id` bigint(20) DEFAULT NULL,
  PRIMARY KEY (`profile_id`),
  KEY `FKawh070wpue34wqvytjqr4hj5e` (`user_id`),
  CONSTRAINT `FKawh070wpue34wqvytjqr4hj5e` FOREIGN KEY (`user_id`) REFERENCES `user` (`user_id`)
) ENGINE=InnoDB AUTO_INCREMENT=33 DEFAULT CHARSET=utf8mb4 COLLATE=utf8mb4_unicode_520_ci;

-- 테이블 데이터 AwA.profile:~21 rows (대략적) 내보내기
/*!40000 ALTER TABLE `profile` DISABLE KEYS */;
INSERT INTO `profile` (`profile_id`, `created_date`, `modified_date`, `description`, `nickname`, `profile_picture_url`, `user_id`) VALUES
	(1, '2022-08-17 16:09:18.817512', '2022-08-18 12:14:42.085621', '아티스트를 꿈꾸는 예술대학 졸업생입니다.\n\n', 'sezin', 'https://firebasestorage.googleapis.com/v0/b/artworkauction-b3783.appspot.com/o/rlatpwls15%40naver.com%2F0fb7ee8f-2bb7-4f0d-b001-87916a8eb9d0?alt=media&token=c8724b0b-99b7-4c7d-b888-93aca318dbf9', 1),
	(2, '2022-08-17 16:09:49.633279', '2022-08-17 16:12:39.198179', 'C101 - 주 40시간 근무제 팀\n바지팀장입니다.\n\n디지털드로잉 커미션 받습니다.', '서녁', 'https://firebasestorage.googleapis.com/v0/b/artworkauction-b3783.appspot.com/o/gomduritjsgu%40naver.com%2F8623b0c1-8a69-4244-bfee-5f025f96915a?alt=media&token=647874bc-9382-47bb-bce5-380f308f4446', 2),
	(4, '2022-08-17 16:13:45.275770', '2022-08-17 16:20:54.972774', '그래픽 일러스트 디자이너입니다.', 'NYZ', 'https://firebasestorage.googleapis.com/v0/b/artworkauction-b3783.appspot.com/o/nyz%40naver.com%2Fabedcda2-ec66-457e-87e8-37d9233c46b3?alt=media&token=c99198f4-0d26-488e-a9cc-7a0064bcae02', 4),
	(5, '2022-08-17 16:14:03.868139', '2022-08-17 16:14:03.868139', NULL, '관리자', NULL, 5),
	(6, '2022-08-17 16:34:13.417151', '2022-08-17 16:38:42.897794', '사진작가 다이노입니다', 'Dino', 'https://firebasestorage.googleapis.com/v0/b/artworkauction-b3783.appspot.com/o/dukyum%40kakao.com%2Fc5da0651-db21-442b-b715-0b6709db50e4?alt=media&token=ed5ec10f-f11a-4888-9373-7457ce74f9d8', 6),
	(8, '2022-08-17 17:01:33.935753', '2022-08-17 17:30:18.247646', '예술대학 재학생입니다.', 'ImHero', 'https://firebasestorage.googleapis.com/v0/b/artworkauction-b3783.appspot.com/o/rlatpwls15%40nate.com%2F52eb09c9-0fe1-45dc-a2c8-37eb91f998ca?alt=media&token=9466abcd-f6ec-4f45-b58e-a94dafacd1e3', 8),
	(11, '2022-08-17 17:41:39.733880', '2022-08-17 17:42:26.904123', '여행을 좋아하는 아티스트', 'likeTravel', 'https://firebasestorage.googleapis.com/v0/b/artworkauction-b3783.appspot.com/o/rlatpwls15%40kakao.com%2Fd509d833-ee73-4012-a34a-7061f92e7970?alt=media&token=5b803c01-1a25-4d3d-98a5-8738f2137d18', 11),
	(12, '2022-08-17 17:55:35.029570', '2022-08-17 18:02:46.469929', '안녕!\n나 세룽룽!', '세룽룽', 'https://firebasestorage.googleapis.com/v0/b/pjt1-f51e1.appspot.com/o/zmmmm111%40gmail.com%2F93221f31-6049-4199-bda0-36aeaf83f61a?alt=media&token=9f496607-2229-4cef-9374-d4f20dab19e1', 12),
	(16, '2022-08-18 00:21:02.372000', '2022-08-18 00:21:02.372000', NULL, '탈퇴용', NULL, 16),
	(17, '2022-08-18 00:26:57.227970', '2022-08-18 00:26:57.227970', NULL, '탈퇴하고싶어용', NULL, 17),
	(18, '2022-08-18 01:19:25.868528', '2022-08-18 01:20:46.837627', '맛집을 좋아하는 아티스트입니다.', 'sar_jjae', 'https://firebasestorage.googleapis.com/v0/b/artworkauction-b3783.appspot.com/o/wjstkdwo159%40naver.com%2Ff034d1fb-19fe-41aa-aa51-157163d9d8b9?alt=media&token=5a033b14-9ad5-4209-89fa-c7794137a3b1', 18),
	(19, '2022-08-18 01:33:39.781887', '2022-08-18 01:33:39.781887', NULL, 'Google_user499b73', NULL, 19),
	(20, '2022-08-18 02:16:54.005650', '2022-08-18 02:52:29.924567', '서명팔고싶어요', '안녕하세요', '', 20),
	(21, '2022-08-18 02:32:12.884893', '2022-08-18 02:32:12.884893', NULL, 'Google_user0b203b', NULL, 21),
	(24, '2022-08-18 06:15:52.695471', '2022-08-18 06:15:52.695471', NULL, 'LSE', NULL, 24),
	(26, '2022-08-18 06:28:56.603971', '2022-08-18 06:28:56.603971', NULL, 'Kakao_userd83b21', NULL, 26),
	(28, '2022-08-18 12:25:27.794489', '2022-08-18 12:27:10.724062', '좋은 작품들을 만나고 싶어요..', 'newUser', 'https://firebasestorage.googleapis.com/v0/b/artworkauction-b3783.appspot.com/o/kimsejin159%40gmail.com%2Ff30f4468-063f-4dc5-b91e-4086e365f360?alt=media&token=aec67a5c-289d-4fc7-9d5d-cea823da35bb', 28),
	(29, '2022-08-18 12:35:38.182664', '2022-08-18 12:36:06.383150', NULL, '떵유', 'https://firebasestorage.googleapis.com/v0/b/artworkauction-b3783.appspot.com/o/ehddb2252%40gmail.com%2F62a85991-f2e0-45b0-81fc-b2ad806b4775?alt=media&token=56051ab6-0051-4f63-b550-5b017d3af6bf', 29),
	(30, '2022-08-18 14:24:52.733277', '2022-08-18 14:24:52.733277', NULL, '톤톤유친구', NULL, 30),
	(31, '2022-08-18 15:29:19.870237', '2022-08-18 15:29:19.870237', NULL, 'Google_userc496aa', NULL, 31),
	(32, '2022-08-18 16:36:03.485785', '2022-08-18 16:36:03.485785', NULL, '진짜초보', NULL, 32);
/*!40000 ALTER TABLE `profile` ENABLE KEYS */;

-- 테이블 AwA.purchase_artwork 구조 내보내기
CREATE TABLE IF NOT EXISTS `purchase_artwork` (
  `purchase_id` bigint(20) NOT NULL AUTO_INCREMENT,
  `created_date` datetime(6) DEFAULT NULL,
  `modified_date` datetime(6) DEFAULT NULL,
  `artwork_id` bigint(20) DEFAULT NULL,
  `purchase_user_id` bigint(20) DEFAULT NULL,
  PRIMARY KEY (`purchase_id`),
  KEY `FKbp9f0gpgcwwij615d7ubep0be` (`artwork_id`),
  KEY `FKol70giii39rqsmf8mel7u2204` (`purchase_user_id`),
  CONSTRAINT `FKbp9f0gpgcwwij615d7ubep0be` FOREIGN KEY (`artwork_id`) REFERENCES `artwork` (`artwork_id`),
  CONSTRAINT `FKol70giii39rqsmf8mel7u2204` FOREIGN KEY (`purchase_user_id`) REFERENCES `user` (`user_id`)
) ENGINE=InnoDB DEFAULT CHARSET=utf8mb4 COLLATE=utf8mb4_unicode_520_ci;

-- 테이블 데이터 AwA.purchase_artwork:~0 rows (대략적) 내보내기
/*!40000 ALTER TABLE `purchase_artwork` DISABLE KEYS */;
/*!40000 ALTER TABLE `purchase_artwork` ENABLE KEYS */;

-- 테이블 AwA.report 구조 내보내기
CREATE TABLE IF NOT EXISTS `report` (
  `report_id` bigint(20) NOT NULL AUTO_INCREMENT,
  `created_date` datetime(6) DEFAULT NULL,
  `modified_date` datetime(6) DEFAULT NULL,
  `category` varchar(255) COLLATE utf8mb4_unicode_520_ci NOT NULL,
  `content` varchar(10000) COLLATE utf8mb4_unicode_520_ci NOT NULL,
  `report_profile_id` bigint(20) DEFAULT NULL,
  `reported_artwork` bigint(20) DEFAULT NULL,
  PRIMARY KEY (`report_id`),
  KEY `FK5hkywrc2j0b1rsi7fkh0vksxj` (`report_profile_id`),
  KEY `FKqx2iro1axai380lq197j61hhh` (`reported_artwork`),
  CONSTRAINT `FK5hkywrc2j0b1rsi7fkh0vksxj` FOREIGN KEY (`report_profile_id`) REFERENCES `profile` (`profile_id`),
  CONSTRAINT `FKqx2iro1axai380lq197j61hhh` FOREIGN KEY (`reported_artwork`) REFERENCES `artwork` (`artwork_id`)
) ENGINE=InnoDB AUTO_INCREMENT=3 DEFAULT CHARSET=utf8mb4 COLLATE=utf8mb4_unicode_520_ci;

-- 테이블 데이터 AwA.report:~0 rows (대략적) 내보내기
/*!40000 ALTER TABLE `report` DISABLE KEYS */;
INSERT INTO `report` (`report_id`, `created_date`, `modified_date`, `category`, `content`, `report_profile_id`, `reported_artwork`) VALUES
	(2, '2022-08-18 02:55:50.774944', '2022-08-18 02:55:50.774944', '기타', '크리스마스에 꼭 솔로이시길 바랍니다.', 20, 57);
/*!40000 ALTER TABLE `report` ENABLE KEYS */;

-- 테이블 AwA.room 구조 내보내기
CREATE TABLE IF NOT EXISTS `room` (
  `room_id` bigint(20) NOT NULL AUTO_INCREMENT,
  `created_date` datetime(6) DEFAULT NULL,
  `modified_date` datetime(6) DEFAULT NULL,
  `chat_partner_id` int(11) NOT NULL,
  `artwork_id` bigint(20) DEFAULT NULL,
  PRIMARY KEY (`room_id`),
  KEY `FKckx9x5tdsnrd1lts61e8nvyv` (`artwork_id`),
  CONSTRAINT `FKckx9x5tdsnrd1lts61e8nvyv` FOREIGN KEY (`artwork_id`) REFERENCES `artwork` (`artwork_id`)
) ENGINE=InnoDB DEFAULT CHARSET=utf8mb4 COLLATE=utf8mb4_unicode_520_ci;

-- 테이블 데이터 AwA.room:~0 rows (대략적) 내보내기
/*!40000 ALTER TABLE `room` DISABLE KEYS */;
/*!40000 ALTER TABLE `room` ENABLE KEYS */;

-- 테이블 AwA.user 구조 내보내기
CREATE TABLE IF NOT EXISTS `user` (
  `user_id` bigint(20) NOT NULL AUTO_INCREMENT,
  `created_date` datetime(6) DEFAULT NULL,
  `modified_date` datetime(6) DEFAULT NULL,
  `birth` date DEFAULT NULL,
  `email` varchar(50) COLLATE utf8mb4_unicode_520_ci NOT NULL,
  `email_code` varchar(255) COLLATE utf8mb4_unicode_520_ci DEFAULT NULL,
  `gender` bit(1) DEFAULT NULL,
  `is_manager` bit(1) DEFAULT NULL,
  `is_seller` bit(1) DEFAULT NULL,
  `nickname` varchar(20) COLLATE utf8mb4_unicode_520_ci NOT NULL,
  `password` varchar(255) COLLATE utf8mb4_unicode_520_ci NOT NULL,
  `refresh_token` varchar(255) COLLATE utf8mb4_unicode_520_ci DEFAULT NULL,
  PRIMARY KEY (`user_id`),
  UNIQUE KEY `UK_ob8kqyqqgmefl0aco34akdtpe` (`email`),
  UNIQUE KEY `UK_n4swgcf30j6bmtb4l4cjryuym` (`nickname`)
) ENGINE=InnoDB AUTO_INCREMENT=33 DEFAULT CHARSET=utf8mb4 COLLATE=utf8mb4_unicode_520_ci;

-- 테이블 데이터 AwA.user:~21 rows (대략적) 내보내기
/*!40000 ALTER TABLE `user` DISABLE KEYS */;
INSERT INTO `user` (`user_id`, `created_date`, `modified_date`, `birth`, `email`, `email_code`, `gender`, `is_manager`, `is_seller`, `nickname`, `password`, `refresh_token`) VALUES
	(1, '2022-08-17 16:09:18.741262', '2022-08-19 00:41:37.114493', '1997-12-11', 'rlatpwls15@naver.com', '126842', b'1', b'1', b'0', 'sezin', '{bcrypt}$2a$10$abE60UL08fX4fOz0H/McAO17oJbNSk5MlXsVq9L3UMG1Epg0rCJsy', 'eyJhbGciOiJIUzI1NiJ9.eyJzdWIiOiJybGF0cHdsczE1QG5hdmVyLmNvbSIsInJvbGVzIjpbIlJPTEVfQURNSU4iXSwiaWF0IjoxNjYwODY5NjQwLCJleHAiOjE2NjIwNzkyNDB9.AH5Vi-wUwLfgps6tnNSLlO-tfHgC3tx9eft6eLSDc5w'),
	(2, '2022-08-17 16:09:49.630080', '2022-08-19 00:40:26.161653', '1997-09-20', 'gomduritjsgu@naver.com', NULL, b'1', b'1', b'0', '서녁', '{bcrypt}$2a$10$ecyBunW1qGV4U6EFp24yT.f1q74eNACNlc9OZEE8NEFwEfsLkUYse', 'eyJhbGciOiJIUzI1NiJ9.eyJzdWIiOiJnb21kdXJpdGpzZ3VAbmF2ZXIuY29tIiwicm9sZXMiOlsiUk9MRV9BRE1JTiJdLCJpYXQiOjE2NjA4Njk2MjYsImV4cCI6MTY2MjA3OTIyNn0.yhahG7bQn0XpQL6-chfG-lcJfE3BPpqC-gtoF9KYfd0'),
	(4, '2022-08-17 16:13:45.273177', '2022-08-17 16:55:43.314872', NULL, 'nyz@naver.com', NULL, b'1', b'1', b'0', 'NYZ', '{bcrypt}$2a$10$i6MFCsGF5SiQeUQmTHGFXOHZdyHqCwaSzsY2O2IHOn4itx0rEihLy', 'eyJhbGciOiJIUzI1NiJ9.eyJzdWIiOiJueXpAbmF2ZXIuY29tIiwicm9sZXMiOlsiUk9MRV9VU0VSIl0sImlhdCI6MTY2MDc1NTM0MywiZXhwIjoxNjYxOTY0OTQzfQ.EcHVKrPmCWtoLQHhV9olXqrrSXe8fU-nY0VwI6BpwZc'),
	(5, '2022-08-17 16:14:03.865453', '2022-08-18 12:45:26.713639', NULL, 'testuser3@naver.com', NULL, b'1', b'1', b'0', '관리자', '{bcrypt}$2a$10$zL77auKhjCZ1wirNzIwjlOVwTMJdJu68qNMg1nGTnyyoULaxS8lAG', 'eyJhbGciOiJIUzI1NiJ9.eyJzdWIiOiJ0ZXN0dXNlcjNAbmF2ZXIuY29tIiwicm9sZXMiOlsiUk9MRV9BRE1JTiJdLCJpYXQiOjE2NjA4MjY2ODMsImV4cCI6MTY2MjAzNjI4M30.KLap66UcKRMCQGtoVLk6eo9qgrs4JHGyO3QO8UIHF8I'),
	(6, '2022-08-17 16:34:13.412135', '2022-08-18 01:48:55.394502', NULL, 'dukyum@kakao.com', NULL, b'1', b'0', b'0', 'Dino', '{bcrypt}$2a$10$Pk0sg0BhZAG5yfBFlsHmdOOrLkZJj2lelAVtv8W.zS0sNx83AL0aa', 'eyJhbGciOiJIUzI1NiJ9.eyJzdWIiOiJkdWt5dW1Aa2FrYW8uY29tIiwicm9sZXMiOlsiUk9MRV9BRE1JTiJdLCJpYXQiOjE2NjA3ODczMzUsImV4cCI6MTY2MTk5NjkzNX0.xEVfyN6EHsn0gHrl8mwc_5QxhGm3Px1kHkR35FK8ZC0'),
	(8, '2022-08-17 17:01:33.933716', '2022-08-18 12:37:12.725019', '1997-12-11', 'rlatpwls15@nate.com', NULL, b'1', b'0', b'0', 'ImHero', '{bcrypt}$2a$10$aNcNPXoFQ1acWYoL3O6gEe/64Y7pES2WQjqejNFE6a68Ej7rWy.nW', 'eyJhbGciOiJIUzI1NiJ9.eyJzdWIiOiJybGF0cHdsczE1QG5hdGUuY29tIiwicm9sZXMiOlsiUk9MRV9VU0VSIl0sImlhdCI6MTY2MDgyNjIzMiwiZXhwIjoxNjYyMDM1ODMyfQ.pK8bYazmY-i7BHwojDfNNjHgiswH0u_jpNdzdYCDUuc'),
	(11, '2022-08-17 17:41:39.722683', '2022-08-18 16:38:59.072990', NULL, 'rlatpwls15@kakao.com', NULL, b'0', b'0', b'0', 'likeTravel', '{bcrypt}$2a$10$wmLyDPPoUayAYtH/f0y2Fe2TxW8wvdrHJ5sYc0zozeqydkkX4IdU2', 'eyJhbGciOiJIUzI1NiJ9.eyJzdWIiOiJybGF0cHdsczE1QGtha2FvLmNvbSIsInJvbGVzIjpbIlJPTEVfVVNFUiJdLCJpYXQiOjE2NjA4NDA3MzksImV4cCI6MTY2MjA1MDMzOX0.sN6aIJHh7utazgj-gbqstvc2C6P-l4uLgXBB-Aqqohw'),
	(12, '2022-08-17 17:55:35.027728', '2022-08-19 00:44:24.145725', '1998-04-24', 'zmmmm111@gmail.com', NULL, b'0', b'1', b'0', '세룽룽', '{bcrypt}$2a$10$Gu1tWq1T.Mm9jtpYLTX3g.rQFVeHFoCOgSPgQjs2loXpQFVIzpEVi', 'eyJhbGciOiJIUzI1NiJ9.eyJzdWIiOiJ6bW1tbTExMUBnbWFpbC5jb20iLCJyb2xlcyI6WyJST0xFX1VTRVIiXSwiaWF0IjoxNjYwODY5ODExLCJleHAiOjE2NjIwNzk0MTF9.2ZQJihIMkIya3HwV7TGB53oQuiCUOl1Ic-jtRnHZ6TY'),
	(16, '2022-08-18 00:21:02.369907', '2022-08-18 00:21:02.369907', NULL, 'hihihihi@naver.com', NULL, b'1', b'0', b'0', '탈퇴용', '{bcrypt}$2a$10$erzCe.BTLA1mtv3nCbtEnOQvsAze2/TjEkTatywq7T.VbLxBD63B6', NULL),
	(17, '2022-08-18 00:26:57.226075', '2022-08-18 00:27:09.637988', '1997-09-20', 'seon_hyuk97@kakao.com', NULL, b'1', b'0', b'0', '탈퇴하고싶어용', '{bcrypt}$2a$10$KFm0WMBAG4CIVbnY7/YOlON8iVPybZ0foPlD2xppQp9V/3Je4K/X.', 'eyJhbGciOiJIUzI1NiJ9.eyJzdWIiOiJzZW9uX2h5dWs5N0BrYWthby5jb20iLCJyb2xlcyI6WyJST0xFX1VTRVIiXSwiaWF0IjoxNjYwNzgyNDI5LCJleHAiOjE2NjE5OTIwMjl9.UfHE625n0z3XVie7wTgPI9JhyiQt8nfTp2Gz5QhJUro'),
	(18, '2022-08-18 01:19:25.866632', '2022-08-18 23:58:03.617010', '1997-06-28', 'wjstkdwo159@naver.com', NULL, b'1', b'0', b'0', 'sar_jjae', '{bcrypt}$2a$10$XQ/ax/HbW.r/byD32YPr/e2IjduESl4ZRdImSfIUoudQPPG1IQg2O', 'eyJhbGciOiJIUzI1NiJ9.eyJzdWIiOiJ3anN0a2R3bzE1OUBuYXZlci5jb20iLCJyb2xlcyI6WyJST0xFX1VTRVIiXSwiaWF0IjoxNjYwODY3MDgzLCJleHAiOjE2NjIwNzY2ODN9.Q_D16SZa-X2KXJLT-XCPUEzLQnr6S8_Qhsc1ghoff4E'),
	(19, '2022-08-18 01:33:39.771853', '2022-08-18 06:14:19.505139', NULL, 'gomduridkstjsgur@gmail.com', NULL, b'0', b'0', b'0', 'Google_user499b73', '{bcrypt}$2a$10$Yl3Z6sN4.0TWZvJUzeZIj.bGqT06631OEBVYZn7UzNxVG/X0VVfMK', 'eyJhbGciOiJIUzI1NiJ9.eyJzdWIiOiJnb21kdXJpZGtzdGpzZ3VyQGdtYWlsLmNvbSIsInJvbGVzIjpbIlJPTEVfVVNFUiJdLCJpYXQiOjE2NjA4MDMwNTUsImV4cCI6MTY2MjAxMjY1NX0.j8xH-rAyD2Ybvxl6y0qa3Pm9Y1tZJFVbw96dMcf0cbA'),
	(20, '2022-08-18 02:16:53.995854', '2022-08-18 06:20:19.037560', NULL, 'ddangholee@gmail.com', NULL, b'0', b'0', b'0', '안녕하세요', '{bcrypt}$2a$10$gG2bMwM1SAjgVqb5ydy.ZOYzwtWvlCORTTbq..CUm7G/IaYpOtJSS', 'eyJhbGciOiJIUzI1NiJ9.eyJzdWIiOiJkZGFuZ2hvbGVlQGdtYWlsLmNvbSIsInJvbGVzIjpbIlJPTEVfVVNFUiJdLCJpYXQiOjE2NjA4MDM2MTksImV4cCI6MTY2MjAxMzIxOX0.Q6Kd99gCLwVvICzQzbnS18NvTjhISd6V7iv1bvsGKgk'),
	(21, '2022-08-18 02:32:12.876225', '2022-08-19 00:29:46.441432', NULL, 'hhs28166139@gmail.com', NULL, b'0', b'0', b'0', 'Google_user0b203b', '{bcrypt}$2a$10$pEjf6DYPlo4ucoroIc64iuecXl/I0K1EIyCwKcAswaUtk/0mMtL/O', 'eyJhbGciOiJIUzI1NiJ9.eyJzdWIiOiJoaHMyODE2NjEzOUBnbWFpbC5jb20iLCJyb2xlcyI6WyJST0xFX1VTRVIiXSwiaWF0IjoxNjYwODY4OTg2LCJleHAiOjE2NjIwNzg1ODZ9.Lp9qpULf9MtzDryroIpOhYqHkADB7KmDHastJ967j-w'),
	(24, '2022-08-18 06:15:52.693494', '2022-08-19 00:39:53.609821', '1997-04-27', 'sang9203@naver.com', '377456', b'1', b'0', b'0', 'LSE', '{bcrypt}$2a$10$20Doub.ekvPT5DJyZ16/6OjUCII5EQ8AF0JdGqKpexFp.9afHtyE.', 'eyJhbGciOiJIUzI1NiJ9.eyJzdWIiOiJzYW5nOTIwM0BuYXZlci5jb20iLCJyb2xlcyI6WyJST0xFX1VTRVIiXSwiaWF0IjoxNjYwODY5NTkzLCJleHAiOjE2NjIwNzkxOTN9.0_D-qpikpc5cj8AiJD2yMqZVcVEdcv2mHT2Yntl-8c8'),
	(26, '2022-08-18 06:28:56.595431', '2022-08-18 06:29:12.070975', NULL, 'starlse3797@nate.com', NULL, b'0', b'0', b'0', 'Kakao_userd83b21', '{bcrypt}$2a$10$EkJF0x602JqBE8sR54PM9OEmOF6D5W1Z01n4lAio2nE8sOAnlX0Ey', 'eyJhbGciOiJIUzI1NiJ9.eyJzdWIiOiJzdGFybHNlMzc5N0BuYXRlLmNvbSIsInJvbGVzIjpbIlJPTEVfVVNFUiJdLCJpYXQiOjE2NjA4MDQxNTIsImV4cCI6MTY2MjAxMzc1Mn0.gZsL0RxgD2ZQ33UXlGLN-MhmQJ136BBdq-3pXWJ3b8M'),
	(28, '2022-08-18 12:25:27.792629', '2022-08-18 16:39:31.730750', '2022-08-18', 'kimsejin159@gmail.com', NULL, b'1', b'0', b'0', 'newUser', '{bcrypt}$2a$10$KxCG3J4r179jzRDMsISaOOfMJ8CqSDW87yI.a0VnlhT6bk14Ubdiu', 'eyJhbGciOiJIUzI1NiJ9.eyJzdWIiOiJraW1zZWppbjE1OUBnbWFpbC5jb20iLCJyb2xlcyI6WyJST0xFX1VTRVIiXSwiaWF0IjoxNjYwODQwNzcxLCJleHAiOjE2NjIwNTAzNzF9.L3TON1eaLS02_leIpiH4f8BsSdPWj85n8ZA4Yb2MJow'),
	(29, '2022-08-18 12:35:38.174773', '2022-08-19 00:29:32.403468', NULL, 'ehddb2252@gmail.com', NULL, b'0', b'0', b'0', '떵유', '{bcrypt}$2a$10$PChWQyUo3hAXQdJMMnTJb.BzzQcY2NB8Wf50tMFfZFni8SbhASkuq', 'eyJhbGciOiJIUzI1NiJ9.eyJzdWIiOiJlaGRkYjIyNTJAZ21haWwuY29tIiwicm9sZXMiOlsiUk9MRV9VU0VSIl0sImlhdCI6MTY2MDg2ODk1MywiZXhwIjoxNjYyMDc4NTUzfQ.KWs04EUU2Yueq_7Sh3YP9nD1lYM23xGF-ytIX53onVo'),
	(30, '2022-08-18 14:24:52.731263', '2022-08-18 14:30:46.641626', '2008-02-06', 'codepark21@gmail.com', NULL, b'1', b'0', b'0', '톤톤유친구', '{bcrypt}$2a$10$EY4j5wF/E59H9FxfPx91U.EVC49Dv4XDRgeBdZpXbWyYtvEE8fulq', 'eyJhbGciOiJIUzI1NiJ9.eyJzdWIiOiJjb2RlcGFyazIxQGdtYWlsLmNvbSIsInJvbGVzIjpbIlJPTEVfVVNFUiJdLCJpYXQiOjE2NjA4MzI2OTcsImV4cCI6MTY2MjA0MjI5N30.u_0VrQSsbjPouVB0AzOCFMEIwThF8PqAuP65RofhqSQ'),
	(31, '2022-08-18 15:29:19.864783', '2022-08-19 00:29:18.460255', NULL, 'chlasnmzx2@gmail.com', NULL, b'0', b'0', b'0', 'Google_userc496aa', '{bcrypt}$2a$10$e2WBfM4q9u5gnTWGNzVP5uqLdAJ2eeRwkrJZJ6sw2Nh/1Qg31PDmC', 'eyJhbGciOiJIUzI1NiJ9.eyJzdWIiOiJjaGxhc25tengyQGdtYWlsLmNvbSIsInJvbGVzIjpbIlJPTEVfVVNFUiJdLCJpYXQiOjE2NjA4Njg5NTgsImV4cCI6MTY2MjA3ODU1OH0.wLtKUvxmKEgBznb7bZOplj3hFhIyHdEO6x17rjSFHg4'),
	(32, '2022-08-18 16:36:03.484132', '2022-08-18 16:45:10.499848', '2020-01-06', 'chob58@naver.com', NULL, b'1', b'0', b'0', '진짜초보', '{bcrypt}$2a$10$WkrnaYuYrum4pJ4PZ8oNC.jA4D3fS9myoVYxBCkCi2MSsjhisRKZK', 'eyJhbGciOiJIUzI1NiJ9.eyJzdWIiOiJjaG9iNThAbmF2ZXIuY29tIiwicm9sZXMiOlsiUk9MRV9VU0VSIl0sImlhdCI6MTY2MDg0MDU3MywiZXhwIjoxNjYyMDUwMTczfQ._yTYBFgRe3urgBfEoC3GIfl-1fvMxFKmpfBbqxVMWUw');
/*!40000 ALTER TABLE `user` ENABLE KEYS */;

-- 테이블 AwA.user_recommend_artworks 구조 내보내기
CREATE TABLE IF NOT EXISTS `user_recommend_artworks` (
  `user_user_id` bigint(20) NOT NULL,
  `recommend_artworks` bigint(20) DEFAULT NULL,
  KEY `FKsaqtpx8rscrcxl913k8yg5u56` (`user_user_id`),
  CONSTRAINT `FKsaqtpx8rscrcxl913k8yg5u56` FOREIGN KEY (`user_user_id`) REFERENCES `user` (`user_id`)
) ENGINE=InnoDB DEFAULT CHARSET=utf8mb4 COLLATE=utf8mb4_unicode_520_ci;

-- 테이블 데이터 AwA.user_recommend_artworks:~539 rows (대략적) 내보내기
/*!40000 ALTER TABLE `user_recommend_artworks` DISABLE KEYS */;
INSERT INTO `user_recommend_artworks` (`user_user_id`, `recommend_artworks`) VALUES
	(4, 23),
	(4, 6),
	(4, 7),
	(4, 19),
	(4, 9),
	(4, 14),
	(4, 15),
	(4, 24),
	(4, 28),
	(4, 3),
	(4, 16),
	(17, 51),
	(17, 1),
	(17, 19),
	(17, 50),
	(17, 41),
	(17, 10),
	(17, 13),
	(17, 22),
	(17, 23),
	(17, 29),
	(17, 46),
	(17, 8),
	(17, 12),
	(17, 21),
	(17, 3),
	(17, 5),
	(17, 16),
	(17, 20),
	(17, 35),
	(17, 43),
	(17, 2),
	(17, 27),
	(17, 33),
	(17, 34),
	(17, 37),
	(17, 48),
	(17, 53),
	(17, 4),
	(17, 6),
	(17, 7),
	(17, 9),
	(17, 11),
	(17, 14),
	(17, 15),
	(17, 17),
	(17, 18),
	(17, 24),
	(17, 25),
	(17, 28),
	(17, 30),
	(17, 31),
	(17, 32),
	(17, 36),
	(17, 38),
	(17, 39),
	(17, 40),
	(17, 42),
	(17, 44),
	(6, 51),
	(6, 25),
	(6, 55),
	(6, 53),
	(6, 1),
	(6, 46),
	(6, 50),
	(6, 23),
	(6, 19),
	(6, 41),
	(6, 12),
	(6, 52),
	(19, 57),
	(19, 23),
	(19, 24),
	(19, 51),
	(19, 53),
	(19, 1),
	(19, 58),
	(19, 46),
	(19, 56),
	(19, 50),
	(19, 27),
	(19, 19),
	(20, 23),
	(20, 53),
	(20, 1),
	(20, 51),
	(20, 46),
	(20, 52),
	(20, 56),
	(20, 19),
	(20, 50),
	(20, 54),
	(20, 10),
	(20, 41),
	(20, 12),
	(20, 5),
	(20, 38),
	(20, 22),
	(20, 43),
	(20, 8),
	(20, 44),
	(20, 13),
	(20, 48),
	(20, 6),
	(20, 7),
	(20, 16),
	(20, 9),
	(20, 14),
	(20, 15),
	(20, 29),
	(20, 28),
	(20, 45),
	(20, 47),
	(20, 3),
	(20, 49),
	(20, 20),
	(20, 25),
	(20, 35),
	(26, 57),
	(26, 23),
	(26, 24),
	(26, 51),
	(26, 53),
	(26, 1),
	(26, 58),
	(26, 46),
	(26, 56),
	(26, 50),
	(26, 27),
	(26, 19),
	(26, 41),
	(26, 22),
	(26, 54),
	(26, 10),
	(26, 13),
	(26, 16),
	(26, 29),
	(26, 12),
	(26, 3),
	(26, 5),
	(26, 20),
	(26, 25),
	(26, 35),
	(26, 38),
	(26, 39),
	(26, 43),
	(26, 55),
	(26, 8),
	(26, 21),
	(26, 2),
	(26, 34),
	(26, 37),
	(26, 44),
	(26, 48),
	(8, 23),
	(8, 24),
	(8, 57),
	(8, 51),
	(8, 28),
	(8, 46),
	(8, 56),
	(8, 58),
	(8, 1),
	(8, 50),
	(8, 54),
	(8, 19),
	(8, 10),
	(8, 12),
	(8, 5),
	(8, 27),
	(8, 43),
	(8, 7),
	(8, 8),
	(8, 22),
	(8, 15),
	(8, 44),
	(8, 48),
	(8, 13),
	(5, 51),
	(5, 23),
	(5, 24),
	(5, 57),
	(5, 53),
	(5, 58),
	(5, 28),
	(5, 46),
	(5, 41),
	(5, 56),
	(5, 38),
	(5, 1),
	(30, 51),
	(30, 57),
	(30, 23),
	(30, 24),
	(30, 53),
	(30, 28),
	(30, 46),
	(30, 56),
	(30, 41),
	(30, 38),
	(30, 1),
	(30, 19),
	(30, 27),
	(30, 29),
	(30, 50),
	(30, 54),
	(30, 22),
	(30, 34),
	(30, 55),
	(30, 10),
	(30, 13),
	(30, 16),
	(30, 35),
	(30, 40),
	(30, 3),
	(30, 5),
	(30, 12),
	(30, 20),
	(30, 25),
	(30, 39),
	(30, 43),
	(30, 2),
	(30, 7),
	(30, 8),
	(30, 21),
	(30, 63),
	(30, 15),
	(30, 18),
	(30, 31),
	(30, 36),
	(30, 37),
	(30, 44),
	(30, 48),
	(30, 4),
	(30, 6),
	(30, 9),
	(30, 11),
	(30, 14),
	(11, 1),
	(11, 19),
	(11, 10),
	(11, 13),
	(11, 22),
	(11, 23),
	(11, 29),
	(11, 8),
	(11, 12),
	(11, 3),
	(11, 16),
	(11, 21),
	(11, 5),
	(11, 6),
	(11, 7),
	(11, 27),
	(11, 9),
	(11, 14),
	(11, 15),
	(11, 2),
	(11, 24),
	(11, 28),
	(11, 38),
	(11, 4),
	(11, 57),
	(11, 53),
	(11, 56),
	(11, 11),
	(11, 54),
	(11, 17),
	(11, 30),
	(11, 32),
	(11, 42),
	(11, 61),
	(11, 51),
	(11, 58),
	(11, 66),
	(11, 41),
	(11, 63),
	(11, 34),
	(11, 55),
	(11, 35),
	(11, 40),
	(11, 20),
	(11, 25),
	(11, 39),
	(11, 18),
	(11, 31),
	(28, 51),
	(28, 23),
	(28, 57),
	(28, 40),
	(28, 53),
	(28, 24),
	(28, 58),
	(28, 39),
	(28, 27),
	(28, 46),
	(28, 66),
	(28, 56),
	(28, 28),
	(28, 1),
	(28, 19),
	(28, 50),
	(28, 54),
	(28, 22),
	(28, 34),
	(28, 55),
	(28, 10),
	(28, 13),
	(28, 16),
	(28, 35),
	(28, 3),
	(28, 5),
	(28, 20),
	(28, 25),
	(28, 43),
	(28, 12),
	(28, 2),
	(28, 7),
	(28, 8),
	(28, 21),
	(28, 15),
	(28, 18),
	(18, 57),
	(18, 23),
	(18, 24),
	(18, 58),
	(18, 51),
	(18, 1),
	(18, 46),
	(18, 41),
	(18, 56),
	(18, 19),
	(18, 50),
	(18, 22),
	(18, 27),
	(18, 54),
	(18, 10),
	(18, 20),
	(18, 13),
	(18, 16),
	(18, 28),
	(18, 25),
	(18, 29),
	(18, 35),
	(18, 38),
	(18, 39),
	(18, 3),
	(18, 5),
	(18, 12),
	(18, 55),
	(18, 43),
	(18, 2),
	(18, 7),
	(18, 21),
	(18, 8),
	(18, 15),
	(18, 18),
	(18, 30),
	(18, 66),
	(18, 63),
	(18, 34),
	(18, 32),
	(18, 31),
	(18, 36),
	(18, 37),
	(18, 42),
	(18, 44),
	(18, 48),
	(18, 4),
	(18, 40),
	(31, 51),
	(31, 57),
	(31, 23),
	(31, 53),
	(31, 24),
	(31, 58),
	(31, 66),
	(31, 46),
	(31, 41),
	(31, 56),
	(31, 28),
	(31, 38),
	(31, 1),
	(31, 19),
	(31, 29),
	(31, 27),
	(31, 50),
	(31, 54),
	(31, 22),
	(31, 34),
	(31, 55),
	(31, 63),
	(31, 10),
	(31, 13),
	(31, 35),
	(31, 40),
	(31, 3),
	(31, 5),
	(31, 12),
	(31, 20),
	(31, 25),
	(31, 39),
	(31, 43),
	(31, 2),
	(31, 7),
	(31, 8),
	(21, 51),
	(21, 57),
	(21, 23),
	(21, 53),
	(21, 24),
	(21, 58),
	(21, 66),
	(21, 46),
	(21, 27),
	(21, 41),
	(21, 56),
	(21, 28),
	(2, 53),
	(2, 46),
	(2, 1),
	(2, 61),
	(2, 19),
	(2, 50),
	(2, 12),
	(2, 51),
	(2, 10),
	(2, 13),
	(2, 16),
	(2, 58),
	(2, 35),
	(2, 38),
	(2, 2),
	(2, 41),
	(2, 7),
	(2, 8),
	(2, 3),
	(2, 22),
	(2, 5),
	(2, 43),
	(2, 15),
	(2, 40),
	(2, 18),
	(2, 31),
	(2, 34),
	(2, 20),
	(2, 36),
	(2, 37),
	(2, 44),
	(2, 39),
	(2, 48),
	(2, 4),
	(2, 6),
	(2, 21),
	(2, 66),
	(2, 63),
	(2, 9),
	(2, 30),
	(2, 11),
	(2, 14),
	(2, 17),
	(2, 32),
	(2, 45),
	(2, 47),
	(2, 49),
	(2, 42),
	(24, 51),
	(24, 57),
	(24, 23),
	(24, 53),
	(24, 24),
	(24, 58),
	(24, 66),
	(24, 46),
	(24, 27),
	(24, 56),
	(24, 41),
	(24, 28),
	(24, 38),
	(24, 1),
	(24, 63),
	(24, 29),
	(24, 19),
	(24, 50),
	(24, 34),
	(24, 54),
	(24, 16),
	(24, 22),
	(24, 55),
	(24, 10),
	(24, 13),
	(24, 35),
	(24, 40),
	(24, 3),
	(24, 5),
	(24, 20),
	(24, 25),
	(24, 39),
	(24, 43),
	(24, 12),
	(24, 2),
	(24, 7),
	(1, 51),
	(1, 57),
	(1, 24),
	(1, 58),
	(1, 46),
	(1, 27),
	(1, 56),
	(1, 22),
	(1, 28),
	(1, 1),
	(1, 63),
	(1, 55),
	(12, 23),
	(12, 57),
	(12, 24),
	(12, 58),
	(12, 53),
	(12, 28),
	(12, 56),
	(12, 19),
	(12, 1),
	(12, 50),
	(12, 54),
	(12, 27),
	(12, 10),
	(12, 38),
	(12, 12),
	(12, 41),
	(12, 43),
	(12, 7),
	(12, 8),
	(12, 22),
	(12, 15),
	(12, 44),
	(12, 48),
	(12, 13),
	(12, 6),
	(12, 9),
	(12, 14),
	(12, 3),
	(12, 45),
	(12, 47),
	(12, 49),
	(12, 25),
	(12, 39),
	(12, 2),
	(12, 21),
	(12, 18);
/*!40000 ALTER TABLE `user_recommend_artworks` ENABLE KEYS */;

-- 테이블 AwA.user_roles 구조 내보내기
CREATE TABLE IF NOT EXISTS `user_roles` (
  `user_user_id` bigint(20) NOT NULL,
  `roles` varchar(255) COLLATE utf8mb4_unicode_520_ci DEFAULT NULL,
  KEY `FKkv46dn3qakjvsk7ra33nd5sns` (`user_user_id`),
  CONSTRAINT `FKkv46dn3qakjvsk7ra33nd5sns` FOREIGN KEY (`user_user_id`) REFERENCES `user` (`user_id`)
) ENGINE=InnoDB DEFAULT CHARSET=utf8mb4 COLLATE=utf8mb4_unicode_520_ci;

-- 테이블 데이터 AwA.user_roles:~21 rows (대략적) 내보내기
/*!40000 ALTER TABLE `user_roles` DISABLE KEYS */;
INSERT INTO `user_roles` (`user_user_id`, `roles`) VALUES
	(1, 'ROLE_ADMIN'),
	(2, 'ROLE_ADMIN'),
	(4, 'ROLE_ADMIN'),
	(5, 'ROLE_ADMIN'),
	(6, 'ROLE_ADMIN'),
	(8, 'ROLE_USER'),
	(11, 'ROLE_USER'),
	(12, 'ROLE_USER'),
	(16, 'ROLE_USER'),
	(17, 'ROLE_USER'),
	(18, 'ROLE_USER'),
	(19, 'ROLE_USER'),
	(20, 'ROLE_USER'),
	(21, 'ROLE_USER'),
	(24, 'ROLE_USER'),
	(26, 'ROLE_USER'),
	(28, 'ROLE_USER'),
	(29, 'ROLE_USER'),
	(30, 'ROLE_USER'),
	(31, 'ROLE_USER'),
	(32, 'ROLE_USER');
/*!40000 ALTER TABLE `user_roles` ENABLE KEYS */;

/*!40101 SET SQL_MODE=IFNULL(@OLD_SQL_MODE, '') */;
/*!40014 SET FOREIGN_KEY_CHECKS=IFNULL(@OLD_FOREIGN_KEY_CHECKS, 1) */;
/*!40101 SET CHARACTER_SET_CLIENT=@OLD_CHARACTER_SET_CLIENT */;
/*!40111 SET SQL_NOTES=IFNULL(@OLD_SQL_NOTES, 1) */;
